"region","titleType","startYear","Freq","Country","Latitude","Longitude"
"AE","movie","1946",1,"UnitedArabEmirates",24,54
"AF","movie","1946",1,"Afghanistan",33,65
"AL","movie","1941",1,"Albania",41,20
"AL","movie","1929",1,"Albania",41,20
"AL","movie","1925",1,"Albania",41,20
"AL","movie","1936",1,"Albania",41,20
"AL","movie","1938",2,"Albania",41,20
"AL","movie","1949",4,"Albania",41,20
"AL","movie","1944",1,"Albania",41,20
"AL","movie","1939",1,"Albania",41,20
"AL","movie","1942",2,"Albania",41,20
"AL","movie","1920",1,"Albania",41,20
"AL","movie","1927",1,"Albania",41,20
"AL","movie","1933",1,"Albania",41,20
"AL","movie","1937",1,"Albania",41,20
"AR","movie","1949",176,"Argentina",-34,-64
"AR","movie","1931",92,"Argentina",-34,-64
"AR","movie","1936",104,"Argentina",-34,-64
"AR","movie","1923",17,"Argentina",-34,-64
"AR","movie","1948",152,"Argentina",-34,-64
"AR","movie","1946",107,"Argentina",-34,-64
"AR","movie","1934",55,"Argentina",-34,-64
"AR","movie","1921",19,"Argentina",-34,-64
"AR","movie","1920",14,"Argentina",-34,-64
"AR","movie","1925",38,"Argentina",-34,-64
"AR","movie","1945",128,"Argentina",-34,-64
"AR","movie","1926",45,"Argentina",-34,-64
"AR","movie","1929",180,"Argentina",-34,-64
"AR","movie","1927",57,"Argentina",-34,-64
"AR","movie","1938",117,"Argentina",-34,-64
"AR","movie","1947",141,"Argentina",-34,-64
"AR","tvEpisode","1932",4,"Argentina",-34,-64
"AR","movie","1922",21,"Argentina",-34,-64
"AR","movie","1941",145,"Argentina",-34,-64
"AR","movie","1924",37,"Argentina",-34,-64
"AR","movie","1944",112,"Argentina",-34,-64
"AR","movie","1932",62,"Argentina",-34,-64
"AR","movie","1940",136,"Argentina",-34,-64
"AR","movie","1933",47,"Argentina",-34,-64
"AR","movie","1943",131,"Argentina",-34,-64
"AR","tvEpisode","1936",2,"Argentina",-34,-64
"AR","movie","1942",139,"Argentina",-34,-64
"AR","tvEpisode","1933",4,"Argentina",-34,-64
"AR","movie","1939",122,"Argentina",-34,-64
"AR","movie","1937",97,"Argentina",-34,-64
"AR","movie","1928",97,"Argentina",-34,-64
"AR","movie","1935",88,"Argentina",-34,-64
"AR","movie","1930",112,"Argentina",-34,-64
"AT","movie","1940",91,"Austria",47.3333,13.3333
"AT","movie","1949",257,"Austria",47.3333,13.3333
"AT","movie","1931",184,"Austria",47.3333,13.3333
"AT","movie","1921",60,"Austria",47.3333,13.3333
"AT","movie","1923",106,"Austria",47.3333,13.3333
"AT","movie","1946",141,"Austria",47.3333,13.3333
"AT","movie","1944",92,"Austria",47.3333,13.3333
"AT","movie","1924",142,"Austria",47.3333,13.3333
"AT","movie","1943",94,"Austria",47.3333,13.3333
"AT","movie","1948",231,"Austria",47.3333,13.3333
"AT","movie","1947",209,"Austria",47.3333,13.3333
"AT","movie","1936",340,"Austria",47.3333,13.3333
"AT","movie","1930",121,"Austria",47.3333,13.3333
"AT","movie","1935",345,"Austria",47.3333,13.3333
"AT","movie","1945",127,"Austria",47.3333,13.3333
"AT","movie","1927",264,"Austria",47.3333,13.3333
"AT","movie","1932",204,"Austria",47.3333,13.3333
"AT","movie","1920",87,"Austria",47.3333,13.3333
"AT","movie","1928",218,"Austria",47.3333,13.3333
"AT","movie","1929",171,"Austria",47.3333,13.3333
"AT","movie","1933",239,"Austria",47.3333,13.3333
"AT","movie","1941",98,"Austria",47.3333,13.3333
"AT","movie","1934",297,"Austria",47.3333,13.3333
"AT","movie","1937",275,"Austria",47.3333,13.3333
"AT","movie","1922",117,"Austria",47.3333,13.3333
"AT","movie","1942",92,"Austria",47.3333,13.3333
"AT","movie","1926",260,"Austria",47.3333,13.3333
"AT","movie","1925",183,"Austria",47.3333,13.3333
"AT","movie","1938",123,"Austria",47.3333,13.3333
"AT","movie","1939",100,"Austria",47.3333,13.3333
"AU","movie","1931",38,"Australia",-27,133
"AU","movie","1927",30,"Australia",-27,133
"AU","movie","1924",22,"Australia",-27,133
"AU","movie","1930",29,"Australia",-27,133
"AU","movie","1941",65,"Australia",-27,133
"AU","movie","1949",84,"Australia",-27,133
"AU","movie","1929",73,"Australia",-27,133
"AU","movie","1944",71,"Australia",-27,133
"AU","movie","1922",20,"Australia",-27,133
"AU","movie","1940",64,"Australia",-27,133
"AU","movie","1933",36,"Australia",-27,133
"AU","movie","1920",21,"Australia",-27,133
"AU","movie","1948",75,"Australia",-27,133
"AU","movie","1934",53,"Australia",-27,133
"AU","movie","1926",29,"Australia",-27,133
"AU","movie","1943",103,"Australia",-27,133
"AU","movie","1937",47,"Australia",-27,133
"AU","movie","1945",56,"Australia",-27,133
"AU","movie","1942",72,"Australia",-27,133
"AU","movie","1925",22,"Australia",-27,133
"AU","movie","1936",34,"Australia",-27,133
"AU","movie","1935",53,"Australia",-27,133
"AU","movie","1939",53,"Australia",-27,133
"AU","movie","1921",33,"Australia",-27,133
"AU","movie","1947",63,"Australia",-27,133
"AU","movie","1946",54,"Australia",-27,133
"AU","movie","1928",52,"Australia",-27,133
"AU","movie","1923",16,"Australia",-27,133
"AU","movie","1938",41,"Australia",-27,133
"AU","movie","1932",29,"Australia",-27,133
"AZ","movie","1936",1,"Azerbaijan",40.5,47.5
"AZ","movie","1940",1,"Azerbaijan",40.5,47.5
"AZ","movie","1943",1,"Azerbaijan",40.5,47.5
"AZ","movie","1945",1,"Azerbaijan",40.5,47.5
"BA","movie","1940",1,"BosniaAndHerzegovina",44,18
"BA","movie","1933",1,"BosniaAndHerzegovina",44,18
"BA","movie","1937",1,"BosniaAndHerzegovina",44,18
"BA","movie","1921",1,"BosniaAndHerzegovina",44,18
"BA","movie","1926",1,"BosniaAndHerzegovina",44,18
"BA","movie","1938",1,"BosniaAndHerzegovina",44,18
"BD","movie","1938",1,"Bangladesh",24,90
"BD","movie","1926",1,"Bangladesh",24,90
"BD","movie","1935",1,"Bangladesh",24,90
"BD","movie","1944",14,"Bangladesh",24,90
"BD","movie","1939",3,"Bangladesh",24,90
"BD","movie","1943",5,"Bangladesh",24,90
"BD","movie","1941",1,"Bangladesh",24,90
"BD","movie","1946",1,"Bangladesh",24,90
"BD","movie","1940",2,"Bangladesh",24,90
"BD","movie","1931",1,"Bangladesh",24,90
"BE","movie","1924",44,"Belgium",50.8333,4
"BE","movie","1933",72,"Belgium",50.8333,4
"BE","movie","1946",157,"Belgium",50.8333,4
"BE","movie","1922",39,"Belgium",50.8333,4
"BE","movie","1940",241,"Belgium",50.8333,4
"BE","movie","1930",104,"Belgium",50.8333,4
"BE","movie","1927",51,"Belgium",50.8333,4
"BE","movie","1944",163,"Belgium",50.8333,4
"BE","movie","1929",93,"Belgium",50.8333,4
"BE","movie","1938",374,"Belgium",50.8333,4
"BE","movie","1947",203,"Belgium",50.8333,4
"BE","movie","1943",221,"Belgium",50.8333,4
"BE","movie","1931",93,"Belgium",50.8333,4
"BE","movie","1937",384,"Belgium",50.8333,4
"BE","movie","1926",63,"Belgium",50.8333,4
"BE","movie","1935",154,"Belgium",50.8333,4
"BE","movie","1921",41,"Belgium",50.8333,4
"BE","movie","1939",217,"Belgium",50.8333,4
"BE","movie","1936",206,"Belgium",50.8333,4
"BE","movie","1941",217,"Belgium",50.8333,4
"BE","movie","1923",71,"Belgium",50.8333,4
"BE","movie","1932",104,"Belgium",50.8333,4
"BE","movie","1934",84,"Belgium",50.8333,4
"BE","movie","1925",66,"Belgium",50.8333,4
"BE","movie","1949",248,"Belgium",50.8333,4
"BE","movie","1920",48,"Belgium",50.8333,4
"BE","movie","1942",238,"Belgium",50.8333,4
"BE","movie","1928",87,"Belgium",50.8333,4
"BE","movie","1945",121,"Belgium",50.8333,4
"BE","movie","1948",193,"Belgium",50.8333,4
"BF","movie","1928",1,"BurkinaFaso",13,-2
"BF","movie","1949",1,"BurkinaFaso",13,-2
"BF","movie","1934",1,"BurkinaFaso",13,-2
"BF","movie","1936",1,"BurkinaFaso",13,-2
"BF","movie","1948",1,"BurkinaFaso",13,-2
"BF","movie","1938",1,"BurkinaFaso",13,-2
"BG","movie","1941",39,"Bulgaria",43,25
"BG","movie","1922",17,"Bulgaria",43,25
"BG","movie","1947",35,"Bulgaria",43,25
"BG","movie","1937",31,"Bulgaria",43,25
"BG","movie","1924",7,"Bulgaria",43,25
"BG","movie","1944",40,"Bulgaria",43,25
"BG","movie","1940",37,"Bulgaria",43,25
"BG","movie","1949",50,"Bulgaria",43,25
"BG","movie","1938",28,"Bulgaria",43,25
"BG","movie","1929",36,"Bulgaria",43,25
"BG","movie","1936",20,"Bulgaria",43,25
"BG","movie","1921",8,"Bulgaria",43,25
"BG","movie","1927",19,"Bulgaria",43,25
"BG","movie","1920",9,"Bulgaria",43,25
"BG","movie","1931",31,"Bulgaria",43,25
"BG","movie","1930",49,"Bulgaria",43,25
"BG","movie","1923",9,"Bulgaria",43,25
"BG","movie","1928",24,"Bulgaria",43,25
"BG","movie","1935",23,"Bulgaria",43,25
"BG","movie","1925",9,"Bulgaria",43,25
"BG","movie","1945",39,"Bulgaria",43,25
"BG","movie","1948",52,"Bulgaria",43,25
"BG","movie","1943",40,"Bulgaria",43,25
"BG","movie","1946",39,"Bulgaria",43,25
"BG","movie","1932",17,"Bulgaria",43,25
"BG","movie","1933",25,"Bulgaria",43,25
"BG","movie","1926",12,"Bulgaria",43,25
"BG","movie","1939",28,"Bulgaria",43,25
"BG","movie","1942",34,"Bulgaria",43,25
"BG","movie","1934",24,"Bulgaria",43,25
"BJ","movie","1936",1,"Benin",9.5,2.25
"BJ","movie","1937",1,"Benin",9.5,2.25
"BJ","movie","1939",1,"Benin",9.5,2.25
"BJ","movie","1938",1,"Benin",9.5,2.25
"BJ","movie","1947",2,"Benin",9.5,2.25
"BJ","movie","1930",1,"Benin",9.5,2.25
"BJ","movie","1949",1,"Benin",9.5,2.25
"BO","movie","1927",1,"Bolivia",-17,-65
"BO","movie","1927",1,"Bolivia,PlurinationalStateOf",-17,-65
"BO","movie","1925",3,"Bolivia",-17,-65
"BO","movie","1925",3,"Bolivia,PlurinationalStateOf",-17,-65
"BO","movie","1930",2,"Bolivia",-17,-65
"BO","movie","1930",2,"Bolivia,PlurinationalStateOf",-17,-65
"BO","movie","1936",1,"Bolivia",-17,-65
"BO","movie","1936",1,"Bolivia,PlurinationalStateOf",-17,-65
"BO","movie","1934",1,"Bolivia",-17,-65
"BO","movie","1934",1,"Bolivia,PlurinationalStateOf",-17,-65
"BO","movie","1924",1,"Bolivia",-17,-65
"BO","movie","1924",1,"Bolivia,PlurinationalStateOf",-17,-65
"BO","movie","1937",1,"Bolivia",-17,-65
"BO","movie","1937",1,"Bolivia,PlurinationalStateOf",-17,-65
"BO","movie","1938",1,"Bolivia",-17,-65
"BO","movie","1938",1,"Bolivia,PlurinationalStateOf",-17,-65
"BO","movie","1948",1,"Bolivia",-17,-65
"BO","movie","1948",1,"Bolivia,PlurinationalStateOf",-17,-65
"BO","movie","1928",1,"Bolivia",-17,-65
"BO","movie","1928",1,"Bolivia,PlurinationalStateOf",-17,-65
"BR","tvEpisode","1937",3,"Brazil",-10,-55
"BR","movie","1930",430,"Brazil",-10,-55
"BR","movie","1941",441,"Brazil",-10,-55
"BR","movie","1949",485,"Brazil",-10,-55
"BR","movie","1923",141,"Brazil",-10,-55
"BR","movie","1921",69,"Brazil",-10,-55
"BR","movie","1924",234,"Brazil",-10,-55
"BR","tvEpisode","1932",4,"Brazil",-10,-55
"BR","movie","1929",492,"Brazil",-10,-55
"BR","movie","1931",423,"Brazil",-10,-55
"BR","movie","1947",445,"Brazil",-10,-55
"BR","tvEpisode","1934",1,"Brazil",-10,-55
"BR","movie","1948",471,"Brazil",-10,-55
"BR","movie","1946",488,"Brazil",-10,-55
"BR","movie","1944",423,"Brazil",-10,-55
"BR","movie","1928",666,"Brazil",-10,-55
"BR","movie","1925",493,"Brazil",-10,-55
"BR","tvEpisode","1939",1,"Brazil",-10,-55
"BR","tvEpisode","1931",1,"Brazil",-10,-55
"BR","movie","1940",461,"Brazil",-10,-55
"BR","movie","1922",94,"Brazil",-10,-55
"BR","movie","1932",432,"Brazil",-10,-55
"BR","movie","1926",607,"Brazil",-10,-55
"BR","movie","1939",526,"Brazil",-10,-55
"BR","movie","1942",459,"Brazil",-10,-55
"BR","tvEpisode","1936",1,"Brazil",-10,-55
"BR","movie","1934",520,"Brazil",-10,-55
"BR","movie","1938",550,"Brazil",-10,-55
"BR","movie","1920",76,"Brazil",-10,-55
"BR","movie","1933",458,"Brazil",-10,-55
"BR","movie","1945",402,"Brazil",-10,-55
"BR","tvEpisode","1945",1,"Brazil",-10,-55
"BR","movie","1937",598,"Brazil",-10,-55
"BR","movie","1936",569,"Brazil",-10,-55
"BR","tvEpisode","1933",6,"Brazil",-10,-55
"BR","movie","1927",665,"Brazil",-10,-55
"BR","movie","1935",569,"Brazil",-10,-55
"BR","movie","1943",428,"Brazil",-10,-55
"BY","movie","1935",2,"Belarus",53,28
"BY","movie","1921",1,"Belarus",53,28
"CA","movie","1922",23,"Canada",60,-95
"CA","movie","1936",86,"Canada",60,-95
"CA","movie","1946",148,"Canada",60,-95
"CA","movie","1945",133,"Canada",60,-95
"CA","movie","1924",28,"Canada",60,-95
"CA","movie","1920",19,"Canada",60,-95
"CA","movie","1948",179,"Canada",60,-95
"CA","movie","1929",113,"Canada",60,-95
"CA","movie","1939",129,"Canada",60,-95
"CA","movie","1928",53,"Canada",60,-95
"CA","movie","1935",97,"Canada",60,-95
"CA","movie","1926",30,"Canada",60,-95
"CA","movie","1933",76,"Canada",60,-95
"CA","movie","1932",75,"Canada",60,-95
"CA","movie","1940",146,"Canada",60,-95
"CA","movie","1938",94,"Canada",60,-95
"CA","movie","1949",230,"Canada",60,-95
"CA","movie","1943",131,"Canada",60,-95
"CA","movie","1934",67,"Canada",60,-95
"CA","movie","1923",23,"Canada",60,-95
"CA","movie","1942",155,"Canada",60,-95
"CA","movie","1947",168,"Canada",60,-95
"CA","movie","1930",51,"Canada",60,-95
"CA","movie","1921",17,"Canada",60,-95
"CA","movie","1931",59,"Canada",60,-95
"CA","movie","1937",87,"Canada",60,-95
"CA","movie","1927",42,"Canada",60,-95
"CA","tvEpisode","1945",1,"Canada",60,-95
"CA","movie","1925",36,"Canada",60,-95
"CA","movie","1941",145,"Canada",60,-95
"CA","movie","1944",141,"Canada",60,-95
"CG","movie","1939",1,"Congo",-1,15
"CH","movie","1922",6,"Switzerland",47,8
"CH","movie","1940",24,"Switzerland",47,8
"CH","movie","1942",21,"Switzerland",47,8
"CH","movie","1923",8,"Switzerland",47,8
"CH","movie","1926",6,"Switzerland",47,8
"CH","movie","1932",7,"Switzerland",47,8
"CH","movie","1936",23,"Switzerland",47,8
"CH","movie","1938",19,"Switzerland",47,8
"CH","movie","1934",15,"Switzerland",47,8
"CH","movie","1930",8,"Switzerland",47,8
"CH","movie","1948",6,"Switzerland",47,8
"CH","movie","1929",12,"Switzerland",47,8
"CH","movie","1945",12,"Switzerland",47,8
"CH","movie","1927",4,"Switzerland",47,8
"CH","movie","1939",20,"Switzerland",47,8
"CH","movie","1946",5,"Switzerland",47,8
"CH","movie","1933",11,"Switzerland",47,8
"CH","movie","1924",5,"Switzerland",47,8
"CH","movie","1937",12,"Switzerland",47,8
"CH","movie","1935",23,"Switzerland",47,8
"CH","movie","1925",11,"Switzerland",47,8
"CH","movie","1928",11,"Switzerland",47,8
"CH","movie","1931",12,"Switzerland",47,8
"CH","movie","1920",1,"Switzerland",47,8
"CH","movie","1921",1,"Switzerland",47,8
"CH","movie","1947",6,"Switzerland",47,8
"CH","movie","1944",18,"Switzerland",47,8
"CH","movie","1949",6,"Switzerland",47,8
"CH","movie","1943",17,"Switzerland",47,8
"CH","movie","1941",30,"Switzerland",47,8
"CL","movie","1942",19,"Chile",-30,-71
"CL","movie","1940",12,"Chile",-30,-71
"CL","movie","1925",16,"Chile",-30,-71
"CL","movie","1932",4,"Chile",-30,-71
"CL","movie","1931",6,"Chile",-30,-71
"CL","movie","1930",4,"Chile",-30,-71
"CL","movie","1946",23,"Chile",-30,-71
"CL","movie","1935",4,"Chile",-30,-71
"CL","movie","1948",38,"Chile",-30,-71
"CL","movie","1927",8,"Chile",-30,-71
"CL","movie","1943",16,"Chile",-30,-71
"CL","movie","1923",8,"Chile",-30,-71
"CL","movie","1933",2,"Chile",-30,-71
"CL","movie","1920",3,"Chile",-30,-71
"CL","movie","1944",18,"Chile",-30,-71
"CL","movie","1926",15,"Chile",-30,-71
"CL","movie","1939",11,"Chile",-30,-71
"CL","movie","1921",2,"Chile",-30,-71
"CL","movie","1941",13,"Chile",-30,-71
"CL","movie","1922",7,"Chile",-30,-71
"CL","movie","1945",17,"Chile",-30,-71
"CL","movie","1924",11,"Chile",-30,-71
"CL","movie","1934",5,"Chile",-30,-71
"CL","movie","1936",2,"Chile",-30,-71
"CL","movie","1928",3,"Chile",-30,-71
"CL","movie","1947",30,"Chile",-30,-71
"CL","movie","1937",4,"Chile",-30,-71
"CL","movie","1938",5,"Chile",-30,-71
"CL","movie","1949",42,"Chile",-30,-71
"CL","movie","1929",3,"Chile",-30,-71
"CM","movie","1936",1,"Cameroon",6,12
"CM","movie","1939",1,"Cameroon",6,12
"CM","movie","1946",1,"Cameroon",6,12
"CN","movie","1931",30,"China",35,105
"CN","movie","1930",23,"China",35,105
"CN","movie","1935",31,"China",35,105
"CN","movie","1947",27,"China",35,105
"CN","movie","1927",33,"China",35,105
"CN","movie","1934",28,"China",35,105
"CN","movie","1949",30,"China",35,105
"CN","movie","1928",35,"China",35,105
"CN","movie","1948",29,"China",35,105
"CN","movie","1942",20,"China",35,105
"CN","movie","1925",17,"China",35,105
"CN","movie","1936",21,"China",35,105
"CN","movie","1926",29,"China",35,105
"CN","movie","1945",7,"China",35,105
"CN","movie","1932",22,"China",35,105
"CN","movie","1940",29,"China",35,105
"CN","movie","1943",10,"China",35,105
"CN","movie","1924",7,"China",35,105
"CN","movie","1922",4,"China",35,105
"CN","movie","1920",5,"China",35,105
"CN","movie","1933",34,"China",35,105
"CN","movie","1921",5,"China",35,105
"CN","movie","1944",14,"China",35,105
"CN","movie","1937",23,"China",35,105
"CN","movie","1929",24,"China",35,105
"CN","movie","1941",34,"China",35,105
"CN","movie","1923",5,"China",35,105
"CN","movie","1938",22,"China",35,105
"CN","movie","1946",9,"China",35,105
"CN","movie","1939",29,"China",35,105
"CO","movie","1924",1,"Colombia",4,-72
"CO","movie","1949",8,"Colombia",4,-72
"CO","movie","1942",2,"Colombia",4,-72
"CO","movie","1940",2,"Colombia",4,-72
"CO","movie","1941",3,"Colombia",4,-72
"CO","movie","1928",4,"Colombia",4,-72
"CO","movie","1927",1,"Colombia",4,-72
"CO","movie","1944",5,"Colombia",4,-72
"CO","movie","1930",1,"Colombia",4,-72
"CO","movie","1922",1,"Colombia",4,-72
"CO","movie","1947",3,"Colombia",4,-72
"CO","movie","1933",2,"Colombia",4,-72
"CO","movie","1926",2,"Colombia",4,-72
"CO","movie","1925",7,"Colombia",4,-72
"CO","movie","1920",1,"Colombia",4,-72
"CO","movie","1943",1,"Colombia",4,-72
"CO","movie","1946",3,"Colombia",4,-72
"CO","movie","1945",7,"Colombia",4,-72
"CO","movie","1937",2,"Colombia",4,-72
"CO","movie","1938",1,"Colombia",4,-72
"CO","movie","1948",9,"Colombia",4,-72
"CO","movie","1939",3,"Colombia",4,-72
"CR","movie","1930",1,"CostaRica",10,-84
"CU","movie","1929",1,"Cuba",21.5,-80
"CU","movie","1927",2,"Cuba",21.5,-80
"CU","movie","1924",1,"Cuba",21.5,-80
"CU","movie","1942",2,"Cuba",21.5,-80
"CU","movie","1946",1,"Cuba",21.5,-80
"CU","movie","1937",1,"Cuba",21.5,-80
"CU","movie","1940",6,"Cuba",21.5,-80
"CU","movie","1947",3,"Cuba",21.5,-80
"CU","movie","1949",1,"Cuba",21.5,-80
"CU","movie","1920",2,"Cuba",21.5,-80
"CU","movie","1943",2,"Cuba",21.5,-80
"CU","movie","1921",3,"Cuba",21.5,-80
"CU","movie","1922",1,"Cuba",21.5,-80
"CU","movie","1938",5,"Cuba",21.5,-80
"CU","movie","1945",3,"Cuba",21.5,-80
"CU","movie","1941",1,"Cuba",21.5,-80
"CU","movie","1939",3,"Cuba",21.5,-80
"CU","movie","1926",3,"Cuba",21.5,-80
"CZ","movie","1922",47,"CzechRepublic",49.75,15.5
"CZ","movie","1942",32,"CzechRepublic",49.75,15.5
"CZ","movie","1928",45,"CzechRepublic",49.75,15.5
"CZ","movie","1940",69,"CzechRepublic",49.75,15.5
"CZ","movie","1946",43,"CzechRepublic",49.75,15.5
"CZ","movie","1929",46,"CzechRepublic",49.75,15.5
"CZ","movie","1948",31,"CzechRepublic",49.75,15.5
"CZ","movie","1945",29,"CzechRepublic",49.75,15.5
"CZ","movie","1949",49,"CzechRepublic",49.75,15.5
"CZ","movie","1931",42,"CzechRepublic",49.75,15.5
"CZ","movie","1935",68,"CzechRepublic",49.75,15.5
"CZ","movie","1936",58,"CzechRepublic",49.75,15.5
"CZ","movie","1943",36,"CzechRepublic",49.75,15.5
"CZ","movie","1927",43,"CzechRepublic",49.75,15.5
"CZ","movie","1921",40,"CzechRepublic",49.75,15.5
"CZ","movie","1925",27,"CzechRepublic",49.75,15.5
"CZ","movie","1947",47,"CzechRepublic",49.75,15.5
"CZ","tvEpisode","1935",2,"CzechRepublic",49.75,15.5
"CZ","movie","1944",41,"CzechRepublic",49.75,15.5
"CZ","movie","1924",18,"CzechRepublic",49.75,15.5
"CZ","movie","1933",85,"CzechRepublic",49.75,15.5
"CZ","movie","1941",50,"CzechRepublic",49.75,15.5
"CZ","movie","1932",66,"CzechRepublic",49.75,15.5
"CZ","movie","1939",74,"CzechRepublic",49.75,15.5
"CZ","movie","1937",98,"CzechRepublic",49.75,15.5
"CZ","movie","1934",70,"CzechRepublic",49.75,15.5
"CZ","movie","1930",48,"CzechRepublic",49.75,15.5
"CZ","movie","1920",45,"CzechRepublic",49.75,15.5
"CZ","movie","1926",31,"CzechRepublic",49.75,15.5
"CZ","movie","1938",83,"CzechRepublic",49.75,15.5
"CZ","movie","1923",24,"CzechRepublic",49.75,15.5
"DE","movie","1930",338,"Germany",51,9
"DE","tvEpisode","1938",172,"Germany",51,9
"DE","tvEpisode","1932",2,"Germany",51,9
"DE","movie","1921",594,"Germany",51,9
"DE","movie","1946",167,"Germany",51,9
"DE","tvEpisode","1937",171,"Germany",51,9
"DE","tvEpisode","1942",5,"Germany",51,9
"DE","tvEpisode","1941",11,"Germany",51,9
"DE","movie","1942",223,"Germany",51,9
"DE","movie","1922",387,"Germany",51,9
"DE","movie","1940",264,"Germany",51,9
"DE","movie","1931",364,"Germany",51,9
"DE","tvEpisode","1944",1,"Germany",51,9
"DE","movie","1945",166,"Germany",51,9
"DE","tvEpisode","1931",12,"Germany",51,9
"DE","tvEpisode","1922",1,"Germany",51,9
"DE","movie","1933",372,"Germany",51,9
"DE","tvEpisode","1946",113,"Germany",51,9
"DE","movie","1943",209,"Germany",51,9
"DE","tvEpisode","1935",1,"Germany",51,9
"DE","movie","1935",349,"Germany",51,9
"DE","movie","1924",304,"Germany",51,9
"DE","movie","1944",203,"Germany",51,9
"DE","tvEpisode","1936",43,"Germany",51,9
"DE","movie","1927",512,"Germany",51,9
"DE","tvEpisode","1947",288,"Germany",51,9
"DE","tvEpisode","1933",2,"Germany",51,9
"DE","movie","1948",189,"Germany",51,9
"DE","movie","1920",742,"Germany",51,9
"DE","movie","1941",233,"Germany",51,9
"DE","movie","1925",375,"Germany",51,9
"DE","movie","1939",338,"Germany",51,9
"DE","movie","1929",405,"Germany",51,9
"DE","tvEpisode","1929",1,"Germany",51,9
"DE","movie","1947",195,"Germany",51,9
"DE","tvEpisode","1939",61,"Germany",51,9
"DE","movie","1928",473,"Germany",51,9
"DE","movie","1936",366,"Germany",51,9
"DE","tvEpisode","1934",8,"Germany",51,9
"DE","tvEpisode","1948",506,"Germany",51,9
"DE","movie","1938",339,"Germany",51,9
"DE","tvEpisode","1949",989,"Germany",51,9
"DE","movie","1937",327,"Germany",51,9
"DE","movie","1949",148,"Germany",51,9
"DE","movie","1934",374,"Germany",51,9
"DE","movie","1926",366,"Germany",51,9
"DE","tvEpisode","1945",5,"Germany",51,9
"DE","movie","1932",394,"Germany",51,9
"DE","movie","1923",286,"Germany",51,9
"DK","movie","1922",261,"Denmark",56,10
"DK","movie","1930",294,"Denmark",56,10
"DK","movie","1924",280,"Denmark",56,10
"DK","movie","1940",268,"Denmark",56,10
"DK","movie","1938",393,"Denmark",56,10
"DK","movie","1945",207,"Denmark",56,10
"DK","movie","1939",375,"Denmark",56,10
"DK","tvEpisode","1946",1,"Denmark",56,10
"DK","movie","1948",243,"Denmark",56,10
"DK","movie","1946",235,"Denmark",56,10
"DK","movie","1920",243,"Denmark",56,10
"DK","movie","1929",387,"Denmark",56,10
"DK","movie","1923",296,"Denmark",56,10
"DK","movie","1926",331,"Denmark",56,10
"DK","tvEpisode","1943",1,"Denmark",56,10
"DK","movie","1949",276,"Denmark",56,10
"DK","movie","1941",278,"Denmark",56,10
"DK","movie","1936",382,"Denmark",56,10
"DK","movie","1933",295,"Denmark",56,10
"DK","movie","1925",312,"Denmark",56,10
"DK","movie","1947",235,"Denmark",56,10
"DK","movie","1935",328,"Denmark",56,10
"DK","movie","1921",240,"Denmark",56,10
"DK","movie","1934",304,"Denmark",56,10
"DK","movie","1931",323,"Denmark",56,10
"DK","movie","1927",385,"Denmark",56,10
"DK","tvEpisode","1945",2,"Denmark",56,10
"DK","movie","1943",279,"Denmark",56,10
"DK","movie","1942",250,"Denmark",56,10
"DK","movie","1937",378,"Denmark",56,10
"DK","movie","1932",294,"Denmark",56,10
"DK","movie","1928",381,"Denmark",56,10
"DK","movie","1944",217,"Denmark",56,10
"DO","movie","1937",1,"DominicanRepublic",19,-70.6667
"DO","movie","1924",1,"DominicanRepublic",19,-70.6667
"DZ","movie","1923",1,"Algeria",28,3
"DZ","movie","1934",1,"Algeria",28,3
"DZ","movie","1922",1,"Algeria",28,3
"DZ","movie","1947",1,"Algeria",28,3
"DZ","movie","1939",1,"Algeria",28,3
"EC","movie","1938",1,"Ecuador",-2,-77.5
"EC","movie","1949",1,"Ecuador",-2,-77.5
"EC","movie","1933",1,"Ecuador",-2,-77.5
"EE","movie","1940",3,"Estonia",59,26
"EE","movie","1920",2,"Estonia",59,26
"EE","movie","1947",3,"Estonia",59,26
"EE","movie","1924",3,"Estonia",59,26
"EE","movie","1948",1,"Estonia",59,26
"EE","movie","1931",5,"Estonia",59,26
"EE","movie","1945",1,"Estonia",59,26
"EE","movie","1923",3,"Estonia",59,26
"EE","movie","1926",7,"Estonia",59,26
"EE","movie","1941",1,"Estonia",59,26
"EE","movie","1930",5,"Estonia",59,26
"EE","movie","1938",3,"Estonia",59,26
"EE","movie","1932",2,"Estonia",59,26
"EE","movie","1921",4,"Estonia",59,26
"EE","movie","1936",1,"Estonia",59,26
"EE","movie","1927",15,"Estonia",59,26
"EE","movie","1943",1,"Estonia",59,26
"EE","movie","1922",4,"Estonia",59,26
"EE","movie","1935",2,"Estonia",59,26
"EE","movie","1946",1,"Estonia",59,26
"EE","movie","1937",1,"Estonia",59,26
"EE","movie","1944",2,"Estonia",59,26
"EE","movie","1934",2,"Estonia",59,26
"EE","movie","1929",21,"Estonia",59,26
"EE","movie","1925",5,"Estonia",59,26
"EE","movie","1928",31,"Estonia",59,26
"EE","movie","1939",2,"Estonia",59,26
"EE","movie","1942",1,"Estonia",59,26
"EG","movie","1945",40,"Egypt",27,30
"EG","movie","1924",1,"Egypt",27,30
"EG","movie","1944",44,"Egypt",27,30
"EG","movie","1949",51,"Egypt",27,30
"EG","movie","1942",30,"Egypt",27,30
"EG","movie","1935",10,"Egypt",27,30
"EG","movie","1946",54,"Egypt",27,30
"EG","movie","1930",3,"Egypt",27,30
"EG","movie","1931",5,"Egypt",27,30
"EG","movie","1940",17,"Egypt",27,30
"EG","movie","1948",50,"Egypt",27,30
"EG","movie","1925",2,"Egypt",27,30
"EG","movie","1938",20,"Egypt",27,30
"EG","movie","1939",17,"Egypt",27,30
"EG","movie","1928",7,"Egypt",27,30
"EG","movie","1923",1,"Egypt",27,30
"EG","movie","1929",9,"Egypt",27,30
"EG","movie","1943",25,"Egypt",27,30
"EG","movie","1926",3,"Egypt",27,30
"EG","movie","1947",61,"Egypt",27,30
"EG","movie","1937",17,"Egypt",27,30
"EG","movie","1932",9,"Egypt",27,30
"EG","movie","1941",16,"Egypt",27,30
"EG","movie","1927",4,"Egypt",27,30
"EG","movie","1921",1,"Egypt",27,30
"EG","movie","1933",8,"Egypt",27,30
"EG","movie","1936",17,"Egypt",27,30
"EG","movie","1934",9,"Egypt",27,30
"ES","movie","1934",356,"Spain",40,-4
"ES","movie","1944",257,"Spain",40,-4
"ES","movie","1924",159,"Spain",40,-4
"ES","movie","1935",417,"Spain",40,-4
"ES","tvEpisode","1938",172,"Spain",40,-4
"ES","movie","1943",267,"Spain",40,-4
"ES","movie","1932",374,"Spain",40,-4
"ES","movie","1925",226,"Spain",40,-4
"ES","tvEpisode","1922",1,"Spain",40,-4
"ES","movie","1945",240,"Spain",40,-4
"ES","movie","1926",265,"Spain",40,-4
"ES","tvEpisode","1945",5,"Spain",40,-4
"ES","movie","1927",313,"Spain",40,-4
"ES","movie","1931",307,"Spain",40,-4
"ES","tvEpisode","1929",1,"Spain",40,-4
"ES","tvEpisode","1941",11,"Spain",40,-4
"ES","movie","1920",83,"Spain",40,-4
"ES","tvEpisode","1937",169,"Spain",40,-4
"ES","tvEpisode","1944",1,"Spain",40,-4
"ES","tvEpisode","1948",506,"Spain",40,-4
"ES","movie","1946",235,"Spain",40,-4
"ES","movie","1939",308,"Spain",40,-4
"ES","movie","1928",234,"Spain",40,-4
"ES","movie","1938",257,"Spain",40,-4
"ES","movie","1941",279,"Spain",40,-4
"ES","movie","1940",300,"Spain",40,-4
"ES","movie","1937",275,"Spain",40,-4
"ES","movie","1947",273,"Spain",40,-4
"ES","movie","1933",388,"Spain",40,-4
"ES","tvEpisode","1933",3,"Spain",40,-4
"ES","tvEpisode","1939",61,"Spain",40,-4
"ES","tvEpisode","1931",12,"Spain",40,-4
"ES","movie","1930",269,"Spain",40,-4
"ES","movie","1922",104,"Spain",40,-4
"ES","tvEpisode","1934",7,"Spain",40,-4
"ES","movie","1923",170,"Spain",40,-4
"ES","tvEpisode","1936",40,"Spain",40,-4
"ES","tvEpisode","1932",8,"Spain",40,-4
"ES","movie","1921",81,"Spain",40,-4
"ES","movie","1949",288,"Spain",40,-4
"ES","movie","1929",202,"Spain",40,-4
"ES","tvEpisode","1949",989,"Spain",40,-4
"ES","tvEpisode","1942",5,"Spain",40,-4
"ES","tvEpisode","1947",288,"Spain",40,-4
"ES","movie","1948",288,"Spain",40,-4
"ES","movie","1942",267,"Spain",40,-4
"ES","movie","1936",338,"Spain",40,-4
"ES","tvEpisode","1935",1,"Spain",40,-4
"ES","tvEpisode","1946",111,"Spain",40,-4
"FI","movie","1935",138,"Finland",64,26
"FI","movie","1945",282,"Finland",64,26
"FI","movie","1931",103,"Finland",64,26
"FI","movie","1948",356,"Finland",64,26
"FI","movie","1923",43,"Finland",64,26
"FI","movie","1946",288,"Finland",64,26
"FI","movie","1937",331,"Finland",64,26
"FI","movie","1927",102,"Finland",64,26
"FI","movie","1928",164,"Finland",64,26
"FI","movie","1925",56,"Finland",64,26
"FI","movie","1932",101,"Finland",64,26
"FI","movie","1933",97,"Finland",64,26
"FI","movie","1941",303,"Finland",64,26
"FI","tvEpisode","1943",2,"Finland",64,26
"FI","movie","1926",86,"Finland",64,26
"FI","movie","1942",276,"Finland",64,26
"FI","tvEpisode","1945",4,"Finland",64,26
"FI","movie","1943",287,"Finland",64,26
"FI","movie","1934",118,"Finland",64,26
"FI","movie","1920",50,"Finland",64,26
"FI","movie","1947",350,"Finland",64,26
"FI","movie","1944",238,"Finland",64,26
"FI","movie","1929",138,"Finland",64,26
"FI","tvEpisode","1949",2,"Finland",64,26
"FI","movie","1938",360,"Finland",64,26
"FI","movie","1922",42,"Finland",64,26
"FI","movie","1924",65,"Finland",64,26
"FI","movie","1940",312,"Finland",64,26
"FI","movie","1921",45,"Finland",64,26
"FI","movie","1939",335,"Finland",64,26
"FI","movie","1949",364,"Finland",64,26
"FI","movie","1936",262,"Finland",64,26
"FI","movie","1930",93,"Finland",64,26
"FR","tvEpisode","1946",112,"France",46,2
"FR","tvEpisode","1937",171,"France",46,2
"FR","tvEpisode","1944",1,"France",46,2
"FR","movie","1923",422,"France",46,2
"FR","tvEpisode","1933",4,"France",46,2
"FR","movie","1945",284,"France",46,2
"FR","movie","1942",318,"France",46,2
"FR","tvEpisode","1932",3,"France",46,2
"FR","tvEpisode","1947",288,"France",46,2
"FR","tvEpisode","1945",6,"France",46,2
"FR","movie","1944",251,"France",46,2
"FR","movie","1925",406,"France",46,2
"FR","tvEpisode","1935",2,"France",46,2
"FR","tvEpisode","1934",9,"France",46,2
"FR","tvEpisode","1948",506,"France",46,2
"FR","tvEpisode","1939",61,"France",46,2
"FR","tvEpisode","1936",41,"France",46,2
"FR","movie","1931",374,"France",46,2
"FR","tvEpisode","1929",1,"France",46,2
"FR","movie","1946",347,"France",46,2
"FR","movie","1921",337,"France",46,2
"FR","movie","1927",340,"France",46,2
"FR","movie","1941",319,"France",46,2
"FR","tvEpisode","1949",992,"France",46,2
"FR","movie","1932",470,"France",46,2
"FR","movie","1938",463,"France",46,2
"FR","tvEpisode","1931",14,"France",46,2
"FR","movie","1933",439,"France",46,2
"FR","movie","1928",375,"France",46,2
"FR","tvEpisode","1942",5,"France",46,2
"FR","movie","1943",331,"France",46,2
"FR","movie","1948",415,"France",46,2
"FR","tvEpisode","1938",172,"France",46,2
"FR","movie","1920",341,"France",46,2
"FR","movie","1937",492,"France",46,2
"FR","movie","1949",455,"France",46,2
"FR","tvEpisode","1943",2,"France",46,2
"FR","movie","1929",390,"France",46,2
"FR","movie","1935",415,"France",46,2
"FR","movie","1934",426,"France",46,2
"FR","movie","1947",414,"France",46,2
"FR","movie","1936",460,"France",46,2
"FR","movie","1939",410,"France",46,2
"FR","movie","1926",364,"France",46,2
"FR","movie","1924",395,"France",46,2
"FR","movie","1930",289,"France",46,2
"FR","movie","1922",336,"France",46,2
"FR","tvEpisode","1941",11,"France",46,2
"FR","movie","1940",313,"France",46,2
"FR","tvEpisode","1922",1,"France",46,2
"GA","movie","1925",1,"Gabon",-1,11.75
"GB","tvEpisode","1936",2,"UnitedKingdom",54,-2
"GB","movie","1931",499,"UnitedKingdom",54,-2
"GB","movie","1949",510,"UnitedKingdom",54,-2
"GB","tvEpisode","1938",2,"UnitedKingdom",54,-2
"GB","movie","1941",490,"UnitedKingdom",54,-2
"GB","movie","1927",345,"UnitedKingdom",54,-2
"GB","movie","1926",354,"UnitedKingdom",54,-2
"GB","movie","1939",515,"UnitedKingdom",54,-2
"GB","movie","1923",241,"UnitedKingdom",54,-2
"GB","movie","1932",600,"UnitedKingdom",54,-2
"GB","movie","1925",345,"UnitedKingdom",54,-2
"GB","movie","1938",552,"UnitedKingdom",54,-2
"GB","movie","1942",465,"UnitedKingdom",54,-2
"GB","movie","1945",364,"UnitedKingdom",54,-2
"GB","tvEpisode","1937",20,"UnitedKingdom",54,-2
"GB","movie","1943",389,"UnitedKingdom",54,-2
"GB","tvEpisode","1946",3,"UnitedKingdom",54,-2
"GB","movie","1936",659,"UnitedKingdom",54,-2
"GB","movie","1928",435,"UnitedKingdom",54,-2
"GB","movie","1947",435,"UnitedKingdom",54,-2
"GB","movie","1929",397,"UnitedKingdom",54,-2
"GB","movie","1920",389,"UnitedKingdom",54,-2
"GB","movie","1937",657,"UnitedKingdom",54,-2
"GB","movie","1934",643,"UnitedKingdom",54,-2
"GB","movie","1930",422,"UnitedKingdom",54,-2
"GB","movie","1921",640,"UnitedKingdom",54,-2
"GB","movie","1948",490,"UnitedKingdom",54,-2
"GB","movie","1924",247,"UnitedKingdom",54,-2
"GB","movie","1922",327,"UnitedKingdom",54,-2
"GB","movie","1933",603,"UnitedKingdom",54,-2
"GB","movie","1946",402,"UnitedKingdom",54,-2
"GB","tvEpisode","1939",3,"UnitedKingdom",54,-2
"GB","movie","1944",399,"UnitedKingdom",54,-2
"GB","movie","1940",491,"UnitedKingdom",54,-2
"GB","movie","1935",616,"UnitedKingdom",54,-2
"GE","movie","1920",2,"Georgia",42,43.5
"GE","movie","1921",1,"Georgia",42,43.5
"GE","movie","1945",1,"Georgia",42,43.5
"GE","movie","1948",3,"Georgia",42,43.5
"GE","movie","1943",1,"Georgia",42,43.5
"GE","movie","1944",1,"Georgia",42,43.5
"GL","movie","1928",1,"Greenland",72,-40
"GL","movie","1942",1,"Greenland",72,-40
"GR","movie","1934",311,"Greece",39,22
"GR","movie","1946",277,"Greece",39,22
"GR","movie","1932",307,"Greece",39,22
"GR","movie","1931",304,"Greece",39,22
"GR","movie","1938",339,"Greece",39,22
"GR","movie","1943",295,"Greece",39,22
"GR","movie","1925",107,"Greece",39,22
"GR","movie","1929",193,"Greece",39,22
"GR","movie","1941",319,"Greece",39,22
"GR","movie","1945",239,"Greece",39,22
"GR","movie","1927",180,"Greece",39,22
"GR","movie","1920",27,"Greece",39,22
"GR","movie","1935",334,"Greece",39,22
"GR","movie","1939",340,"Greece",39,22
"GR","movie","1948",298,"Greece",39,22
"GR","movie","1949",344,"Greece",39,22
"GR","movie","1942",310,"Greece",39,22
"GR","movie","1923",33,"Greece",39,22
"GR","movie","1936",359,"Greece",39,22
"GR","movie","1928",203,"Greece",39,22
"GR","movie","1933",312,"Greece",39,22
"GR","movie","1921",17,"Greece",39,22
"GR","movie","1922",30,"Greece",39,22
"GR","movie","1924",70,"Greece",39,22
"GR","movie","1926",138,"Greece",39,22
"GR","movie","1937",346,"Greece",39,22
"GR","movie","1947",283,"Greece",39,22
"GR","movie","1930",230,"Greece",39,22
"GR","movie","1940",281,"Greece",39,22
"GR","movie","1944",215,"Greece",39,22
"HK","movie","1936",79,"HongKong",22.25,114.1667
"HK","movie","1920",5,"HongKong",22.25,114.1667
"HK","movie","1938",138,"HongKong",22.25,114.1667
"HK","movie","1947",90,"HongKong",22.25,114.1667
"HK","movie","1932",7,"HongKong",22.25,114.1667
"HK","movie","1929",19,"HongKong",22.25,114.1667
"HK","movie","1939",187,"HongKong",22.25,114.1667
"HK","movie","1937",156,"HongKong",22.25,114.1667
"HK","movie","1921",4,"HongKong",22.25,114.1667
"HK","movie","1945",7,"HongKong",22.25,114.1667
"HK","movie","1943",17,"HongKong",22.25,114.1667
"HK","movie","1926",12,"HongKong",22.25,114.1667
"HK","movie","1934",28,"HongKong",22.25,114.1667
"HK","movie","1948",96,"HongKong",22.25,114.1667
"HK","movie","1949",115,"HongKong",22.25,114.1667
"HK","movie","1927",9,"HongKong",22.25,114.1667
"HK","movie","1925",14,"HongKong",22.25,114.1667
"HK","movie","1946",22,"HongKong",22.25,114.1667
"HK","movie","1928",13,"HongKong",22.25,114.1667
"HK","movie","1931",16,"HongKong",22.25,114.1667
"HK","movie","1922",4,"HongKong",22.25,114.1667
"HK","movie","1941",196,"HongKong",22.25,114.1667
"HK","movie","1933",21,"HongKong",22.25,114.1667
"HK","movie","1924",4,"HongKong",22.25,114.1667
"HK","movie","1940",185,"HongKong",22.25,114.1667
"HK","movie","1930",12,"HongKong",22.25,114.1667
"HK","movie","1942",12,"HongKong",22.25,114.1667
"HK","movie","1935",54,"HongKong",22.25,114.1667
"HK","movie","1923",7,"HongKong",22.25,114.1667
"HK","movie","1944",24,"HongKong",22.25,114.1667
"HR","movie","1920",1,"Croatia",45.1667,15.5
"HR","movie","1926",6,"Croatia",45.1667,15.5
"HR","movie","1943",7,"Croatia",45.1667,15.5
"HR","movie","1938",52,"Croatia",45.1667,15.5
"HR","movie","1947",16,"Croatia",45.1667,15.5
"HR","movie","1936",73,"Croatia",45.1667,15.5
"HR","movie","1927",4,"Croatia",45.1667,15.5
"HR","movie","1949",6,"Croatia",45.1667,15.5
"HR","movie","1931",22,"Croatia",45.1667,15.5
"HR","movie","1942",8,"Croatia",45.1667,15.5
"HR","movie","1946",17,"Croatia",45.1667,15.5
"HR","movie","1941",14,"Croatia",45.1667,15.5
"HR","movie","1934",27,"Croatia",45.1667,15.5
"HR","movie","1945",4,"Croatia",45.1667,15.5
"HR","movie","1928",11,"Croatia",45.1667,15.5
"HR","movie","1921",2,"Croatia",45.1667,15.5
"HR","movie","1932",22,"Croatia",45.1667,15.5
"HR","movie","1939",46,"Croatia",45.1667,15.5
"HR","movie","1924",2,"Croatia",45.1667,15.5
"HR","movie","1929",22,"Croatia",45.1667,15.5
"HR","movie","1948",13,"Croatia",45.1667,15.5
"HR","movie","1940",22,"Croatia",45.1667,15.5
"HR","movie","1925",3,"Croatia",45.1667,15.5
"HR","movie","1937",103,"Croatia",45.1667,15.5
"HR","movie","1930",12,"Croatia",45.1667,15.5
"HR","movie","1944",4,"Croatia",45.1667,15.5
"HR","movie","1935",39,"Croatia",45.1667,15.5
"HR","movie","1933",19,"Croatia",45.1667,15.5
"HU","movie","1921",146,"Hungary",47,20
"HU","movie","1932",217,"Hungary",47,20
"HU","movie","1945",92,"Hungary",47,20
"HU","movie","1938",251,"Hungary",47,20
"HU","movie","1941",206,"Hungary",47,20
"HU","movie","1931",179,"Hungary",47,20
"HU","movie","1947",142,"Hungary",47,20
"HU","movie","1937",268,"Hungary",47,20
"HU","movie","1943",173,"Hungary",47,20
"HU","movie","1944",129,"Hungary",47,20
"HU","movie","1936",246,"Hungary",47,20
"HU","movie","1926",42,"Hungary",47,20
"HU","movie","1925",43,"Hungary",47,20
"HU","movie","1927",102,"Hungary",47,20
"HU","movie","1933",252,"Hungary",47,20
"HU","tvEpisode","1933",1,"Hungary",47,20
"HU","movie","1920",189,"Hungary",47,20
"HU","movie","1949",125,"Hungary",47,20
"HU","movie","1924",66,"Hungary",47,20
"HU","movie","1929",147,"Hungary",47,20
"HU","movie","1939",316,"Hungary",47,20
"HU","movie","1928",170,"Hungary",47,20
"HU","movie","1942",196,"Hungary",47,20
"HU","movie","1934",242,"Hungary",47,20
"HU","movie","1946",139,"Hungary",47,20
"HU","movie","1948",139,"Hungary",47,20
"HU","movie","1935",247,"Hungary",47,20
"HU","movie","1923",85,"Hungary",47,20
"HU","movie","1922",121,"Hungary",47,20
"HU","movie","1930",129,"Hungary",47,20
"HU","movie","1940",255,"Hungary",47,20
"ID","movie","1944",10,"Indonesia",-5,120
"ID","movie","1930",12,"Indonesia",-5,120
"ID","movie","1940",18,"Indonesia",-5,120
"ID","movie","1938",5,"Indonesia",-5,120
"ID","movie","1931",9,"Indonesia",-5,120
"ID","movie","1943",4,"Indonesia",-5,120
"ID","movie","1939",11,"Indonesia",-5,120
"ID","movie","1949",2,"Indonesia",-5,120
"ID","movie","1941",6,"Indonesia",-5,120
"ID","movie","1929",6,"Indonesia",-5,120
"ID","movie","1932",10,"Indonesia",-5,120
"ID","movie","1948",1,"Indonesia",-5,120
"ID","movie","1946",3,"Indonesia",-5,120
"ID","movie","1936",5,"Indonesia",-5,120
"ID","movie","1928",5,"Indonesia",-5,120
"ID","movie","1935",4,"Indonesia",-5,120
"ID","movie","1937",2,"Indonesia",-5,120
"ID","movie","1945",1,"Indonesia",-5,120
"ID","movie","1934",1,"Indonesia",-5,120
"ID","movie","1933",2,"Indonesia",-5,120
"ID","movie","1942",1,"Indonesia",-5,120
"ID","movie","1927",1,"Indonesia",-5,120
"ID","movie","1926",2,"Indonesia",-5,120
"IE","movie","1939",11,"Ireland",53,-8
"IE","movie","1947",13,"Ireland",53,-8
"IE","movie","1929",42,"Ireland",53,-8
"IE","movie","1943",8,"Ireland",53,-8
"IE","movie","1923",1,"Ireland",53,-8
"IE","movie","1941",15,"Ireland",53,-8
"IE","movie","1945",10,"Ireland",53,-8
"IE","movie","1927",10,"Ireland",53,-8
"IE","movie","1926",9,"Ireland",53,-8
"IE","movie","1942",17,"Ireland",53,-8
"IE","movie","1934",4,"Ireland",53,-8
"IE","movie","1938",5,"Ireland",53,-8
"IE","movie","1931",16,"Ireland",53,-8
"IE","movie","1924",1,"Ireland",53,-8
"IE","movie","1920",5,"Ireland",53,-8
"IE","movie","1944",22,"Ireland",53,-8
"IE","movie","1933",1,"Ireland",53,-8
"IE","movie","1925",5,"Ireland",53,-8
"IE","movie","1949",19,"Ireland",53,-8
"IE","movie","1935",13,"Ireland",53,-8
"IE","movie","1928",31,"Ireland",53,-8
"IE","movie","1932",2,"Ireland",53,-8
"IE","movie","1930",28,"Ireland",53,-8
"IE","movie","1936",7,"Ireland",53,-8
"IE","movie","1948",17,"Ireland",53,-8
"IE","movie","1922",3,"Ireland",53,-8
"IE","movie","1937",9,"Ireland",53,-8
"IE","movie","1946",7,"Ireland",53,-8
"IE","movie","1940",9,"Ireland",53,-8
"IL","movie","1947",7,"Israel",31.5,34.75
"IL","movie","1939",5,"Israel",31.5,34.75
"IL","movie","1927",1,"Israel",31.5,34.75
"IL","movie","1935",6,"Israel",31.5,34.75
"IL","movie","1941",6,"Israel",31.5,34.75
"IL","movie","1920",1,"Israel",31.5,34.75
"IL","movie","1933",6,"Israel",31.5,34.75
"IL","movie","1931",2,"Israel",31.5,34.75
"IL","movie","1948",5,"Israel",31.5,34.75
"IL","movie","1942",4,"Israel",31.5,34.75
"IL","movie","1946",8,"Israel",31.5,34.75
"IL","movie","1938",3,"Israel",31.5,34.75
"IL","movie","1945",1,"Israel",31.5,34.75
"IL","movie","1944",3,"Israel",31.5,34.75
"IL","movie","1949",4,"Israel",31.5,34.75
"IL","movie","1932",2,"Israel",31.5,34.75
"IL","movie","1925",2,"Israel",31.5,34.75
"IL","movie","1936",3,"Israel",31.5,34.75
"IL","movie","1934",2,"Israel",31.5,34.75
"IL","movie","1937",6,"Israel",31.5,34.75
"IL","movie","1943",3,"Israel",31.5,34.75
"IL","movie","1928",1,"Israel",31.5,34.75
"IL","movie","1940",6,"Israel",31.5,34.75
"IN","tvEpisode","1936",40,"India",20,77
"IN","movie","1938",159,"India",20,77
"IN","tvEpisode","1938",172,"India",20,77
"IN","tvEpisode","1944",1,"India",20,77
"IN","movie","1927",100,"India",20,77
"IN","movie","1932",170,"India",20,77
"IN","tvEpisode","1937",169,"India",20,77
"IN","tvEpisode","1929",1,"India",20,77
"IN","movie","1923",71,"India",20,77
"IN","tvEpisode","1947",288,"India",20,77
"IN","tvEpisode","1922",1,"India",20,77
"IN","movie","1921",43,"India",20,77
"IN","movie","1941",160,"India",20,77
"IN","tvEpisode","1935",1,"India",20,77
"IN","tvEpisode","1945",4,"India",20,77
"IN","movie","1944",158,"India",20,77
"IN","movie","1937",156,"India",20,77
"IN","movie","1928",130,"India",20,77
"IN","movie","1939",145,"India",20,77
"IN","tvEpisode","1933",1,"India",20,77
"IN","movie","1942",148,"India",20,77
"IN","tvEpisode","1941",11,"India",20,77
"IN","tvEpisode","1942",5,"India",20,77
"IN","movie","1935",202,"India",20,77
"IN","movie","1929",162,"India",20,77
"IN","movie","1925",99,"India",20,77
"IN","movie","1933",152,"India",20,77
"IN","movie","1945",131,"India",20,77
"IN","movie","1934",165,"India",20,77
"IN","movie","1931",277,"India",20,77
"IN","tvEpisode","1939",61,"India",20,77
"IN","tvEpisode","1932",2,"India",20,77
"IN","movie","1924",86,"India",20,77
"IN","tvEpisode","1934",7,"India",20,77
"IN","movie","1949",263,"India",20,77
"IN","movie","1946",192,"India",20,77
"IN","movie","1948",230,"India",20,77
"IN","movie","1930",213,"India",20,77
"IN","tvEpisode","1931",12,"India",20,77
"IN","movie","1920",27,"India",20,77
"IN","tvEpisode","1946",111,"India",20,77
"IN","tvEpisode","1949",989,"India",20,77
"IN","movie","1926",111,"India",20,77
"IN","movie","1947",210,"India",20,77
"IN","movie","1943",154,"India",20,77
"IN","movie","1940",164,"India",20,77
"IN","tvEpisode","1948",506,"India",20,77
"IN","movie","1922",75,"India",20,77
"IN","movie","1936",210,"India",20,77
"IQ","movie","1946",1,"Iraq",33,44
"IR","movie","1928",2,"Iran,IslamicRepublicOf",32,53
"IR","movie","1930",2,"Iran,IslamicRepublicOf",32,53
"IR","movie","1938",1,"Iran,IslamicRepublicOf",32,53
"IR","movie","1922",2,"Iran,IslamicRepublicOf",32,53
"IR","movie","1947",10,"Iran,IslamicRepublicOf",32,53
"IR","movie","1941",8,"Iran,IslamicRepublicOf",32,53
"IR","movie","1939",6,"Iran,IslamicRepublicOf",32,53
"IR","movie","1931",7,"Iran,IslamicRepublicOf",32,53
"IR","movie","1943",6,"Iran,IslamicRepublicOf",32,53
"IR","movie","1948",11,"Iran,IslamicRepublicOf",32,53
"IR","movie","1940",3,"Iran,IslamicRepublicOf",32,53
"IR","movie","1942",2,"Iran,IslamicRepublicOf",32,53
"IR","movie","1921",2,"Iran,IslamicRepublicOf",32,53
"IR","movie","1937",4,"Iran,IslamicRepublicOf",32,53
"IR","movie","1946",21,"Iran,IslamicRepublicOf",32,53
"IR","movie","1944",14,"Iran,IslamicRepublicOf",32,53
"IR","movie","1927",1,"Iran,IslamicRepublicOf",32,53
"IR","movie","1925",1,"Iran,IslamicRepublicOf",32,53
"IR","movie","1945",12,"Iran,IslamicRepublicOf",32,53
"IR","movie","1934",5,"Iran,IslamicRepublicOf",32,53
"IR","movie","1936",3,"Iran,IslamicRepublicOf",32,53
"IR","movie","1935",2,"Iran,IslamicRepublicOf",32,53
"IR","movie","1932",2,"Iran,IslamicRepublicOf",32,53
"IR","movie","1933",3,"Iran,IslamicRepublicOf",32,53
"IR","movie","1949",6,"Iran,IslamicRepublicOf",32,53
"IS","movie","1946",1,"Iceland",65,-18
"IS","movie","1948",1,"Iceland",65,-18
"IS","movie","1949",2,"Iceland",65,-18
"IS","movie","1931",1,"Iceland",65,-18
"IS","movie","1937",1,"Iceland",65,-18
"IS","movie","1944",1,"Iceland",65,-18
"IS","movie","1920",1,"Iceland",65,-18
"IS","movie","1930",1,"Iceland",65,-18
"IS","movie","1925",1,"Iceland",65,-18
"IS","movie","1935",5,"Iceland",65,-18
"IS","movie","1936",3,"Iceland",65,-18
"IS","movie","1941",1,"Iceland",65,-18
"IS","movie","1939",2,"Iceland",65,-18
"IS","movie","1940",1,"Iceland",65,-18
"IS","movie","1926",1,"Iceland",65,-18
"IS","movie","1934",2,"Iceland",65,-18
"IS","movie","1933",3,"Iceland",65,-18
"IS","movie","1923",1,"Iceland",65,-18
"IT","tvEpisode","1932",2,"Italy",42.8333,12.8333
"IT","movie","1944",235,"Italy",42.8333,12.8333
"IT","movie","1928",259,"Italy",42.8333,12.8333
"IT","tvEpisode","1922",1,"Italy",42.8333,12.8333
"IT","tvEpisode","1936",40,"Italy",42.8333,12.8333
"IT","movie","1941",344,"Italy",42.8333,12.8333
"IT","movie","1921",402,"Italy",42.8333,12.8333
"IT","tvEpisode","1937",169,"Italy",42.8333,12.8333
"IT","movie","1937",370,"Italy",42.8333,12.8333
"IT","tvEpisode","1944",1,"Italy",42.8333,12.8333
"IT","movie","1927",115,"Italy",42.8333,12.8333
"IT","movie","1948",361,"Italy",42.8333,12.8333
"IT","movie","1949",396,"Italy",42.8333,12.8333
"IT","movie","1947",339,"Italy",42.8333,12.8333
"IT","tvEpisode","1938",172,"Italy",42.8333,12.8333
"IT","tvEpisode","1948",506,"Italy",42.8333,12.8333
"IT","movie","1932",256,"Italy",42.8333,12.8333
"IT","tvEpisode","1942",5,"Italy",42.8333,12.8333
"IT","tvEpisode","1947",288,"Italy",42.8333,12.8333
"IT","movie","1938",369,"Italy",42.8333,12.8333
"IT","movie","1930",237,"Italy",42.8333,12.8333
"IT","movie","1924",122,"Italy",42.8333,12.8333
"IT","movie","1940",383,"Italy",42.8333,12.8333
"IT","tvEpisode","1935",1,"Italy",42.8333,12.8333
"IT","movie","1926",93,"Italy",42.8333,12.8333
"IT","movie","1942",387,"Italy",42.8333,12.8333
"IT","movie","1925",95,"Italy",42.8333,12.8333
"IT","movie","1922",193,"Italy",42.8333,12.8333
"IT","movie","1935",332,"Italy",42.8333,12.8333
"IT","tvEpisode","1945",4,"Italy",42.8333,12.8333
"IT","movie","1923",166,"Italy",42.8333,12.8333
"IT","movie","1934",304,"Italy",42.8333,12.8333
"IT","tvEpisode","1929",1,"Italy",42.8333,12.8333
"IT","tvEpisode","1941",11,"Italy",42.8333,12.8333
"IT","tvEpisode","1934",7,"Italy",42.8333,12.8333
"IT","tvEpisode","1939",61,"Italy",42.8333,12.8333
"IT","movie","1939",408,"Italy",42.8333,12.8333
"IT","movie","1933",289,"Italy",42.8333,12.8333
"IT","movie","1946",303,"Italy",42.8333,12.8333
"IT","tvEpisode","1933",1,"Italy",42.8333,12.8333
"IT","movie","1943",309,"Italy",42.8333,12.8333
"IT","tvEpisode","1946",111,"Italy",42.8333,12.8333
"IT","tvEpisode","1949",989,"Italy",42.8333,12.8333
"IT","tvEpisode","1931",12,"Italy",42.8333,12.8333
"IT","movie","1931",228,"Italy",42.8333,12.8333
"IT","movie","1929",276,"Italy",42.8333,12.8333
"IT","movie","1936",378,"Italy",42.8333,12.8333
"IT","movie","1945",269,"Italy",42.8333,12.8333
"IT","movie","1920",458,"Italy",42.8333,12.8333
"JM","movie","1946",2,"Jamaica",18.25,-77.5
"JM","movie","1932",4,"Jamaica",18.25,-77.5
"JM","movie","1944",14,"Jamaica",18.25,-77.5
"JM","movie","1942",11,"Jamaica",18.25,-77.5
"JM","movie","1935",9,"Jamaica",18.25,-77.5
"JM","movie","1938",1,"Jamaica",18.25,-77.5
"JM","movie","1934",2,"Jamaica",18.25,-77.5
"JM","movie","1933",1,"Jamaica",18.25,-77.5
"JM","movie","1928",9,"Jamaica",18.25,-77.5
"JM","movie","1920",1,"Jamaica",18.25,-77.5
"JM","movie","1926",8,"Jamaica",18.25,-77.5
"JM","movie","1927",8,"Jamaica",18.25,-77.5
"JM","movie","1940",7,"Jamaica",18.25,-77.5
"JM","movie","1924",1,"Jamaica",18.25,-77.5
"JM","movie","1925",4,"Jamaica",18.25,-77.5
"JM","movie","1943",8,"Jamaica",18.25,-77.5
"JM","movie","1936",3,"Jamaica",18.25,-77.5
"JM","movie","1941",5,"Jamaica",18.25,-77.5
"JM","movie","1922",2,"Jamaica",18.25,-77.5
"JM","movie","1937",8,"Jamaica",18.25,-77.5
"JM","movie","1947",1,"Jamaica",18.25,-77.5
"JM","movie","1948",1,"Jamaica",18.25,-77.5
"JM","movie","1945",4,"Jamaica",18.25,-77.5
"JM","movie","1939",7,"Jamaica",18.25,-77.5
"JM","movie","1930",2,"Jamaica",18.25,-77.5
"JM","movie","1931",3,"Jamaica",18.25,-77.5
"JM","movie","1929",31,"Jamaica",18.25,-77.5
"JP","tvEpisode","1933",2,"Japan",36,138
"JP","movie","1937",574,"Japan",36,138
"JP","movie","1932",683,"Japan",36,138
"JP","movie","1923",786,"Japan",36,138
"JP","movie","1938",449,"Japan",36,138
"JP","movie","1943",149,"Japan",36,138
"JP","movie","1942",169,"Japan",36,138
"JP","movie","1934",644,"Japan",36,138
"JP","movie","1928",882,"Japan",36,138
"JP","tvEpisode","1944",1,"Japan",36,138
"JP","tvEpisode","1947",288,"Japan",36,138
"JP","movie","1940",327,"Japan",36,138
"JP","movie","1935",612,"Japan",36,138
"JP","tvEpisode","1932",3,"Japan",36,138
"JP","movie","1949",351,"Japan",36,138
"JP","tvEpisode","1943",2,"Japan",36,138
"JP","movie","1921",691,"Japan",36,138
"JP","movie","1930",756,"Japan",36,138
"JP","movie","1947",221,"Japan",36,138
"JP","tvEpisode","1939",61,"Japan",36,138
"JP","tvEpisode","1934",8,"Japan",36,138
"JP","movie","1944",158,"Japan",36,138
"JP","tvEpisode","1937",170,"Japan",36,138
"JP","movie","1939",348,"Japan",36,138
"JP","tvEpisode","1931",12,"Japan",36,138
"JP","tvEpisode","1948",506,"Japan",36,138
"JP","tvEpisode","1935",1,"Japan",36,138
"JP","tvEpisode","1942",5,"Japan",36,138
"JP","movie","1926",778,"Japan",36,138
"JP","tvEpisode","1946",113,"Japan",36,138
"JP","movie","1924",1006,"Japan",36,138
"JP","tvEpisode","1936",40,"Japan",36,138
"JP","movie","1925",857,"Japan",36,138
"JP","movie","1931",763,"Japan",36,138
"JP","movie","1946",178,"Japan",36,138
"JP","movie","1948",309,"Japan",36,138
"JP","tvEpisode","1922",1,"Japan",36,138
"JP","movie","1927",887,"Japan",36,138
"JP","tvEpisode","1945",6,"Japan",36,138
"JP","movie","1922",677,"Japan",36,138
"JP","movie","1929",886,"Japan",36,138
"JP","tvEpisode","1941",11,"Japan",36,138
"JP","movie","1933",715,"Japan",36,138
"JP","movie","1936",631,"Japan",36,138
"JP","movie","1941",221,"Japan",36,138
"JP","tvEpisode","1938",172,"Japan",36,138
"JP","tvEpisode","1949",992,"Japan",36,138
"JP","tvEpisode","1929",1,"Japan",36,138
"JP","movie","1945",157,"Japan",36,138
"JP","movie","1920",595,"Japan",36,138
"KP","movie","1947",1,"Korea,DemocraticPeople'sRepublicOf",40,127
"KP","movie","1946",1,"Korea,DemocraticPeople'sRepublicOf",40,127
"KP","movie","1949",2,"Korea,DemocraticPeople'sRepublicOf",40,127
"KR","movie","1934",2,"Korea,RepublicOf",37,127.5
"KR","movie","1934",2,"SouthKorea",37,127.5
"KR","movie","1928",7,"Korea,RepublicOf",37,127.5
"KR","movie","1928",7,"SouthKorea",37,127.5
"KR","movie","1932",3,"Korea,RepublicOf",37,127.5
"KR","movie","1932",3,"SouthKorea",37,127.5
"KR","movie","1942",3,"Korea,RepublicOf",37,127.5
"KR","movie","1942",3,"SouthKorea",37,127.5
"KR","movie","1947",2,"Korea,RepublicOf",37,127.5
"KR","movie","1947",2,"SouthKorea",37,127.5
"KR","movie","1943",3,"Korea,RepublicOf",37,127.5
"KR","movie","1943",3,"SouthKorea",37,127.5
"KR","movie","1925",8,"Korea,RepublicOf",37,127.5
"KR","movie","1925",8,"SouthKorea",37,127.5
"KR","movie","1930",4,"Korea,RepublicOf",37,127.5
"KR","movie","1930",4,"SouthKorea",37,127.5
"KR","movie","1937",2,"Korea,RepublicOf",37,127.5
"KR","movie","1937",2,"SouthKorea",37,127.5
"KR","movie","1948",7,"Korea,RepublicOf",37,127.5
"KR","movie","1948",7,"SouthKorea",37,127.5
"KR","movie","1923",1,"Korea,RepublicOf",37,127.5
"KR","movie","1923",1,"SouthKorea",37,127.5
"KR","movie","1949",6,"Korea,RepublicOf",37,127.5
"KR","movie","1949",6,"SouthKorea",37,127.5
"KR","movie","1946",2,"Korea,RepublicOf",37,127.5
"KR","movie","1946",2,"SouthKorea",37,127.5
"KR","movie","1931",3,"Korea,RepublicOf",37,127.5
"KR","movie","1931",3,"SouthKorea",37,127.5
"KR","movie","1939",3,"Korea,RepublicOf",37,127.5
"KR","movie","1939",3,"SouthKorea",37,127.5
"KR","movie","1936",6,"Korea,RepublicOf",37,127.5
"KR","movie","1936",6,"SouthKorea",37,127.5
"KR","movie","1944",2,"Korea,RepublicOf",37,127.5
"KR","movie","1944",2,"SouthKorea",37,127.5
"KR","movie","1940",2,"Korea,RepublicOf",37,127.5
"KR","movie","1940",2,"SouthKorea",37,127.5
"KR","movie","1927",10,"Korea,RepublicOf",37,127.5
"KR","movie","1927",10,"SouthKorea",37,127.5
"KR","movie","1941",4,"Korea,RepublicOf",37,127.5
"KR","movie","1941",4,"SouthKorea",37,127.5
"KR","movie","1935",6,"Korea,RepublicOf",37,127.5
"KR","movie","1935",6,"SouthKorea",37,127.5
"KR","movie","1924",3,"Korea,RepublicOf",37,127.5
"KR","movie","1924",3,"SouthKorea",37,127.5
"KR","movie","1938",4,"Korea,RepublicOf",37,127.5
"KR","movie","1938",4,"SouthKorea",37,127.5
"KR","movie","1929",3,"Korea,RepublicOf",37,127.5
"KR","movie","1929",3,"SouthKorea",37,127.5
"KR","movie","1920",4,"Korea,RepublicOf",37,127.5
"KR","movie","1920",4,"SouthKorea",37,127.5
"KR","movie","1926",7,"Korea,RepublicOf",37,127.5
"KR","movie","1926",7,"SouthKorea",37,127.5
"LB","movie","1939",1,"Lebanon",33.8333,35.8333
"LB","movie","1932",1,"Lebanon",33.8333,35.8333
"LB","movie","1943",1,"Lebanon",33.8333,35.8333
"LB","movie","1946",2,"Lebanon",33.8333,35.8333
"LB","movie","1947",1,"Lebanon",33.8333,35.8333
"LB","movie","1936",1,"Lebanon",33.8333,35.8333
"LB","movie","1931",1,"Lebanon",33.8333,35.8333
"LI","movie","1945",1,"Liechtenstein",47.1667,9.5333
"LK","movie","1949",2,"SriLanka",7,81
"LK","movie","1925",1,"SriLanka",7,81
"LK","movie","1948",3,"SriLanka",7,81
"LK","movie","1947",1,"SriLanka",7,81
"LT","movie","1921",2,"Lithuania",56,24
"LT","movie","1937",4,"Lithuania",56,24
"LT","movie","1925",2,"Lithuania",56,24
"LT","movie","1947",6,"Lithuania",56,24
"LT","movie","1934",5,"Lithuania",56,24
"LT","movie","1946",9,"Lithuania",56,24
"LT","movie","1944",3,"Lithuania",56,24
"LT","movie","1943",2,"Lithuania",56,24
"LT","movie","1932",5,"Lithuania",56,24
"LT","movie","1949",5,"Lithuania",56,24
"LT","movie","1928",2,"Lithuania",56,24
"LT","movie","1948",10,"Lithuania",56,24
"LT","movie","1942",4,"Lithuania",56,24
"LT","movie","1935",3,"Lithuania",56,24
"LT","movie","1933",4,"Lithuania",56,24
"LT","movie","1931",2,"Lithuania",56,24
"LT","movie","1938",5,"Lithuania",56,24
"LT","movie","1936",3,"Lithuania",56,24
"LT","movie","1926",2,"Lithuania",56,24
"LT","movie","1939",11,"Lithuania",56,24
"LT","movie","1929",1,"Lithuania",56,24
"LT","movie","1923",3,"Lithuania",56,24
"LT","movie","1927",2,"Lithuania",56,24
"LT","movie","1945",3,"Lithuania",56,24
"LT","movie","1920",1,"Lithuania",56,24
"LT","movie","1940",8,"Lithuania",56,24
"LT","movie","1922",1,"Lithuania",56,24
"LT","movie","1930",4,"Lithuania",56,24
"LT","movie","1941",5,"Lithuania",56,24
"LU","movie","1939",1,"Luxembourg",49.75,6.1667
"LU","movie","1948",1,"Luxembourg",49.75,6.1667
"LU","movie","1946",1,"Luxembourg",49.75,6.1667
"LU","movie","1949",2,"Luxembourg",49.75,6.1667
"LU","movie","1922",1,"Luxembourg",49.75,6.1667
"LU","movie","1937",1,"Luxembourg",49.75,6.1667
"LV","movie","1939",1,"Latvia",57,25
"LV","movie","1937",1,"Latvia",57,25
"LV","movie","1934",1,"Latvia",57,25
"LV","movie","1938",1,"Latvia",57,25
"LV","movie","1927",1,"Latvia",57,25
"LV","movie","1930",1,"Latvia",57,25
"LV","movie","1948",2,"Latvia",57,25
"MA","movie","1939",2,"Morocco",32,-5
"MA","movie","1940",1,"Morocco",32,-5
"MA","movie","1948",1,"Morocco",32,-5
"MA","movie","1946",3,"Morocco",32,-5
"MA","movie","1947",1,"Morocco",32,-5
"MC","movie","1939",1,"Monaco",43.7333,7.4
"MK","movie","1947",1,"Macedonia,TheFormerYugoslavRepublicOf",41.8333,22
"MM","movie","1937",1,"Myanmar",22,98
"MM","movie","1937",1,"Burma",22,98
"MM","movie","1936",1,"Myanmar",22,98
"MM","movie","1936",1,"Burma",22,98
"MM","movie","1932",1,"Myanmar",22,98
"MM","movie","1932",1,"Burma",22,98
"MM","movie","1920",1,"Myanmar",22,98
"MM","movie","1920",1,"Burma",22,98
"MM","movie","1940",2,"Myanmar",22,98
"MM","movie","1940",2,"Burma",22,98
"MN","movie","1945",2,"Mongolia",46,105
"MN","movie","1942",2,"Mongolia",46,105
"MX","movie","1939",316,"Mexico",23,-102
"MX","movie","1949",413,"Mexico",23,-102
"MX","movie","1946",395,"Mexico",23,-102
"MX","movie","1928",17,"Mexico",23,-102
"MX","movie","1934",70,"Mexico",23,-102
"MX","movie","1927",33,"Mexico",23,-102
"MX","movie","1943",383,"Mexico",23,-102
"MX","movie","1923",16,"Mexico",23,-102
"MX","movie","1931",37,"Mexico",23,-102
"MX","movie","1925",14,"Mexico",23,-102
"MX","movie","1947",370,"Mexico",23,-102
"MX","tvEpisode","1931",1,"Mexico",23,-102
"MX","movie","1930",25,"Mexico",23,-102
"MX","movie","1948",372,"Mexico",23,-102
"MX","movie","1933",61,"Mexico",23,-102
"MX","movie","1941",391,"Mexico",23,-102
"MX","movie","1940",407,"Mexico",23,-102
"MX","movie","1935",112,"Mexico",23,-102
"MX","movie","1924",7,"Mexico",23,-102
"MX","movie","1929",13,"Mexico",23,-102
"MX","movie","1937",104,"Mexico",23,-102
"MX","movie","1942",437,"Mexico",23,-102
"MX","movie","1936",96,"Mexico",23,-102
"MX","movie","1921",39,"Mexico",23,-102
"MX","movie","1938",179,"Mexico",23,-102
"MX","movie","1922",20,"Mexico",23,-102
"MX","movie","1944",368,"Mexico",23,-102
"MX","tvEpisode","1946",1,"Mexico",23,-102
"MX","movie","1920",19,"Mexico",23,-102
"MX","movie","1932",54,"Mexico",23,-102
"MX","movie","1945",361,"Mexico",23,-102
"MX","movie","1926",18,"Mexico",23,-102
"MY","movie","1930",1,"Malaysia",2.5,112.5
"MY","movie","1936",2,"Malaysia",2.5,112.5
"MY","movie","1946",2,"Malaysia",2.5,112.5
"MY","movie","1928",2,"Malaysia",2.5,112.5
"MY","movie","1941",2,"Malaysia",2.5,112.5
"MY","movie","1933",2,"Malaysia",2.5,112.5
"MY","movie","1948",1,"Malaysia",2.5,112.5
"MY","movie","1926",1,"Malaysia",2.5,112.5
"MY","movie","1940",2,"Malaysia",2.5,112.5
"MY","movie","1931",1,"Malaysia",2.5,112.5
"MY","movie","1943",7,"Malaysia",2.5,112.5
"MY","movie","1945",1,"Malaysia",2.5,112.5
"MY","movie","1949",1,"Malaysia",2.5,112.5
"MY","movie","1925",2,"Malaysia",2.5,112.5
"MY","movie","1934",2,"Malaysia",2.5,112.5
"MY","movie","1924",3,"Malaysia",2.5,112.5
"MY","movie","1937",1,"Malaysia",2.5,112.5
"MY","movie","1938",1,"Malaysia",2.5,112.5
"MY","movie","1947",1,"Malaysia",2.5,112.5
"MY","movie","1935",3,"Malaysia",2.5,112.5
"MY","movie","1939",5,"Malaysia",2.5,112.5
"MY","movie","1942",1,"Malaysia",2.5,112.5
"MY","movie","1944",11,"Malaysia",2.5,112.5
"MY","movie","1929",9,"Malaysia",2.5,112.5
"MY","movie","1932",1,"Malaysia",2.5,112.5
"MY","movie","1927",1,"Malaysia",2.5,112.5
"NG","movie","1944",4,"Nigeria",10,8
"NG","movie","1943",2,"Nigeria",10,8
"NG","movie","1935",1,"Nigeria",10,8
"NG","movie","1939",3,"Nigeria",10,8
"NL","movie","1948",78,"Netherlands",52.5,5.75
"NL","movie","1923",31,"Netherlands",52.5,5.75
"NL","movie","1929",23,"Netherlands",52.5,5.75
"NL","movie","1933",43,"Netherlands",52.5,5.75
"NL","movie","1927",32,"Netherlands",52.5,5.75
"NL","movie","1934",72,"Netherlands",52.5,5.75
"NL","movie","1944",52,"Netherlands",52.5,5.75
"NL","movie","1932",39,"Netherlands",52.5,5.75
"NL","movie","1946",52,"Netherlands",52.5,5.75
"NL","movie","1928",40,"Netherlands",52.5,5.75
"NL","movie","1945",33,"Netherlands",52.5,5.75
"NL","movie","1935",69,"Netherlands",52.5,5.75
"NL","movie","1939",135,"Netherlands",52.5,5.75
"NL","movie","1936",66,"Netherlands",52.5,5.75
"NL","movie","1942",92,"Netherlands",52.5,5.75
"NL","movie","1943",76,"Netherlands",52.5,5.75
"NL","movie","1921",24,"Netherlands",52.5,5.75
"NL","movie","1926",37,"Netherlands",52.5,5.75
"NL","movie","1922",27,"Netherlands",52.5,5.75
"NL","movie","1938",183,"Netherlands",52.5,5.75
"NL","movie","1920",33,"Netherlands",52.5,5.75
"NL","movie","1930",23,"Netherlands",52.5,5.75
"NL","movie","1947",66,"Netherlands",52.5,5.75
"NL","movie","1937",199,"Netherlands",52.5,5.75
"NL","movie","1940",91,"Netherlands",52.5,5.75
"NL","movie","1931",35,"Netherlands",52.5,5.75
"NL","movie","1941",82,"Netherlands",52.5,5.75
"NL","movie","1949",92,"Netherlands",52.5,5.75
"NL","movie","1925",40,"Netherlands",52.5,5.75
"NL","movie","1924",32,"Netherlands",52.5,5.75
"NO","tvEpisode","1937",1,"Norway",62,10
"NO","movie","1948",98,"Norway",62,10
"NO","movie","1927",57,"Norway",62,10
"NO","movie","1929",68,"Norway",62,10
"NO","movie","1949",108,"Norway",62,10
"NO","movie","1944",71,"Norway",62,10
"NO","tvEpisode","1933",1,"Norway",62,10
"NO","movie","1939",97,"Norway",62,10
"NO","movie","1941",78,"Norway",62,10
"NO","movie","1938",88,"Norway",62,10
"NO","movie","1931",53,"Norway",62,10
"NO","movie","1924",33,"Norway",62,10
"NO","movie","1945",62,"Norway",62,10
"NO","tvEpisode","1935",1,"Norway",62,10
"NO","movie","1935",57,"Norway",62,10
"NO","movie","1942",83,"Norway",62,10
"NO","movie","1933",51,"Norway",62,10
"NO","movie","1937",83,"Norway",62,10
"NO","movie","1921",18,"Norway",62,10
"NO","movie","1936",69,"Norway",62,10
"NO","tvEpisode","1934",1,"Norway",62,10
"NO","movie","1920",13,"Norway",62,10
"NO","movie","1926",47,"Norway",62,10
"NO","movie","1932",74,"Norway",62,10
"NO","movie","1925",36,"Norway",62,10
"NO","movie","1928",62,"Norway",62,10
"NO","movie","1940",73,"Norway",62,10
"NO","movie","1922",20,"Norway",62,10
"NO","movie","1930",43,"Norway",62,10
"NO","movie","1943",77,"Norway",62,10
"NO","movie","1923",30,"Norway",62,10
"NO","movie","1934",58,"Norway",62,10
"NO","movie","1946",99,"Norway",62,10
"NO","movie","1947",90,"Norway",62,10
"NZ","movie","1948",13,"NewZealand",-41,174
"NZ","movie","1949",23,"NewZealand",-41,174
"NZ","movie","1943",11,"NewZealand",-41,174
"NZ","movie","1947",12,"NewZealand",-41,174
"NZ","movie","1926",3,"NewZealand",-41,174
"NZ","movie","1936",1,"NewZealand",-41,174
"NZ","movie","1935",4,"NewZealand",-41,174
"NZ","movie","1933",1,"NewZealand",-41,174
"NZ","movie","1944",15,"NewZealand",-41,174
"NZ","movie","1937",1,"NewZealand",-41,174
"NZ","movie","1925",4,"NewZealand",-41,174
"NZ","movie","1941",8,"NewZealand",-41,174
"NZ","movie","1946",7,"NewZealand",-41,174
"NZ","movie","1928",8,"NewZealand",-41,174
"NZ","movie","1934",2,"NewZealand",-41,174
"NZ","movie","1942",7,"NewZealand",-41,174
"NZ","movie","1924",3,"NewZealand",-41,174
"NZ","movie","1938",3,"NewZealand",-41,174
"NZ","movie","1929",8,"NewZealand",-41,174
"NZ","movie","1945",5,"NewZealand",-41,174
"NZ","movie","1930",2,"NewZealand",-41,174
"NZ","movie","1931",3,"NewZealand",-41,174
"NZ","movie","1939",10,"NewZealand",-41,174
"NZ","movie","1932",1,"NewZealand",-41,174
"NZ","movie","1940",8,"NewZealand",-41,174
"NZ","movie","1927",5,"NewZealand",-41,174
"NZ","movie","1921",1,"NewZealand",-41,174
"NZ","movie","1922",1,"NewZealand",-41,174
"PA","movie","1937",1,"Panama",9,-80
"PA","movie","1925",1,"Panama",9,-80
"PA","movie","1945",4,"Panama",9,-80
"PA","movie","1922",1,"Panama",9,-80
"PA","movie","1948",2,"Panama",9,-80
"PA","movie","1936",2,"Panama",9,-80
"PA","movie","1941",1,"Panama",9,-80
"PA","movie","1942",1,"Panama",9,-80
"PA","movie","1940",1,"Panama",9,-80
"PA","movie","1949",4,"Panama",9,-80
"PA","movie","1946",2,"Panama",9,-80
"PA","movie","1939",2,"Panama",9,-80
"PA","movie","1927",1,"Panama",9,-80
"PA","movie","1947",1,"Panama",9,-80
"PA","movie","1935",1,"Panama",9,-80
"PE","movie","1928",3,"Peru",-10,-76
"PE","movie","1937",8,"Peru",-10,-76
"PE","movie","1948",2,"Peru",-10,-76
"PE","movie","1947",3,"Peru",-10,-76
"PE","movie","1925",2,"Peru",-10,-76
"PE","movie","1921",1,"Peru",-10,-76
"PE","movie","1927",3,"Peru",-10,-76
"PE","movie","1936",5,"Peru",-10,-76
"PE","movie","1945",5,"Peru",-10,-76
"PE","movie","1934",5,"Peru",-10,-76
"PE","movie","1946",7,"Peru",-10,-76
"PE","movie","1930",9,"Peru",-10,-76
"PE","movie","1944",7,"Peru",-10,-76
"PE","movie","1942",5,"Peru",-10,-76
"PE","movie","1933",2,"Peru",-10,-76
"PE","movie","1931",3,"Peru",-10,-76
"PE","movie","1939",10,"Peru",-10,-76
"PE","movie","1935",4,"Peru",-10,-76
"PE","movie","1943",1,"Peru",-10,-76
"PE","movie","1938",12,"Peru",-10,-76
"PE","movie","1949",7,"Peru",-10,-76
"PE","movie","1941",2,"Peru",-10,-76
"PE","movie","1922",2,"Peru",-10,-76
"PE","movie","1929",3,"Peru",-10,-76
"PE","movie","1940",9,"Peru",-10,-76
"PH","movie","1931",10,"Philippines",13,122
"PH","movie","1926",5,"Philippines",13,122
"PH","movie","1936",23,"Philippines",13,122
"PH","movie","1947",71,"Philippines",13,122
"PH","movie","1941",46,"Philippines",13,122
"PH","movie","1935",21,"Philippines",13,122
"PH","movie","1937",26,"Philippines",13,122
"PH","movie","1929",16,"Philippines",13,122
"PH","movie","1944",22,"Philippines",13,122
"PH","movie","1932",16,"Philippines",13,122
"PH","movie","1948",71,"Philippines",13,122
"PH","movie","1942",6,"Philippines",13,122
"PH","movie","1945",1,"Philippines",13,122
"PH","movie","1920",2,"Philippines",13,122
"PH","movie","1939",55,"Philippines",13,122
"PH","movie","1933",13,"Philippines",13,122
"PH","movie","1922",1,"Philippines",13,122
"PH","movie","1924",3,"Philippines",13,122
"PH","movie","1925",2,"Philippines",13,122
"PH","movie","1938",49,"Philippines",13,122
"PH","movie","1928",3,"Philippines",13,122
"PH","movie","1934",15,"Philippines",13,122
"PH","movie","1949",81,"Philippines",13,122
"PH","movie","1940",59,"Philippines",13,122
"PH","movie","1946",40,"Philippines",13,122
"PH","movie","1927",9,"Philippines",13,122
"PH","movie","1930",14,"Philippines",13,122
"PH","movie","1921",1,"Philippines",13,122
"PH","movie","1943",7,"Philippines",13,122
"PH","movie","1923",1,"Philippines",13,122
"PK","movie","1948",2,"Pakistan",30,70
"PK","movie","1928",1,"Pakistan",30,70
"PK","movie","1927",2,"Pakistan",30,70
"PK","movie","1936",1,"Pakistan",30,70
"PK","movie","1939",4,"Pakistan",30,70
"PK","movie","1926",2,"Pakistan",30,70
"PK","movie","1929",1,"Pakistan",30,70
"PK","movie","1943",3,"Pakistan",30,70
"PK","movie","1944",5,"Pakistan",30,70
"PK","movie","1940",1,"Pakistan",30,70
"PK","movie","1946",2,"Pakistan",30,70
"PK","movie","1949",8,"Pakistan",30,70
"PL","movie","1929",131,"Poland",52,20
"PL","movie","1920",56,"Poland",52,20
"PL","movie","1926",92,"Poland",52,20
"PL","tvEpisode","1925",1,"Poland",52,20
"PL","movie","1941",126,"Poland",52,20
"PL","movie","1930",120,"Poland",52,20
"PL","movie","1933",130,"Poland",52,20
"PL","movie","1924",82,"Poland",52,20
"PL","movie","1931",135,"Poland",52,20
"PL","tvEpisode","1933",1,"Poland",52,20
"PL","movie","1945",104,"Poland",52,20
"PL","movie","1927",112,"Poland",52,20
"PL","movie","1942",128,"Poland",52,20
"PL","tvEpisode","1932",1,"Poland",52,20
"PL","movie","1928",144,"Poland",52,20
"PL","movie","1940",121,"Poland",52,20
"PL","movie","1937",193,"Poland",52,20
"PL","movie","1934",138,"Poland",52,20
"PL","movie","1923",62,"Poland",52,20
"PL","movie","1948",165,"Poland",52,20
"PL","movie","1944",107,"Poland",52,20
"PL","movie","1938",181,"Poland",52,20
"PL","movie","1939",145,"Poland",52,20
"PL","movie","1949",176,"Poland",52,20
"PL","movie","1922",64,"Poland",52,20
"PL","movie","1925",77,"Poland",52,20
"PL","movie","1921",70,"Poland",52,20
"PL","movie","1946",132,"Poland",52,20
"PL","movie","1947",140,"Poland",52,20
"PL","movie","1936",176,"Poland",52,20
"PL","movie","1943",133,"Poland",52,20
"PL","tvEpisode","1945",1,"Poland",52,20
"PL","movie","1935",145,"Poland",52,20
"PL","movie","1932",147,"Poland",52,20
"PR","movie","1925",1,"PuertoRico",18.25,-66.5
"PR","movie","1930",2,"PuertoRico",18.25,-66.5
"PR","movie","1936",1,"PuertoRico",18.25,-66.5
"PR","movie","1934",1,"PuertoRico",18.25,-66.5
"PR","movie","1937",1,"PuertoRico",18.25,-66.5
"PT","movie","1942",352,"Portugal",39.5,-8
"PT","movie","1941",327,"Portugal",39.5,-8
"PT","movie","1940",324,"Portugal",39.5,-8
"PT","tvEpisode","1948",506,"Portugal",39.5,-8
"PT","movie","1937",457,"Portugal",39.5,-8
"PT","tvEpisode","1939",61,"Portugal",39.5,-8
"PT","movie","1931",271,"Portugal",39.5,-8
"PT","tvEpisode","1933",1,"Portugal",39.5,-8
"PT","movie","1929",232,"Portugal",39.5,-8
"PT","tvEpisode","1935",1,"Portugal",39.5,-8
"PT","tvEpisode","1941",11,"Portugal",39.5,-8
"PT","movie","1936",501,"Portugal",39.5,-8
"PT","movie","1945",259,"Portugal",39.5,-8
"PT","movie","1938",356,"Portugal",39.5,-8
"PT","tvEpisode","1942",5,"Portugal",39.5,-8
"PT","movie","1928",354,"Portugal",39.5,-8
"PT","tvEpisode","1936",40,"Portugal",39.5,-8
"PT","tvEpisode","1931",12,"Portugal",39.5,-8
"PT","tvEpisode","1947",288,"Portugal",39.5,-8
"PT","movie","1920",123,"Portugal",39.5,-8
"PT","tvEpisode","1949",989,"Portugal",39.5,-8
"PT","tvEpisode","1932",2,"Portugal",39.5,-8
"PT","movie","1934",308,"Portugal",39.5,-8
"PT","tvEpisode","1937",169,"Portugal",39.5,-8
"PT","movie","1949",307,"Portugal",39.5,-8
"PT","tvEpisode","1934",7,"Portugal",39.5,-8
"PT","movie","1930",202,"Portugal",39.5,-8
"PT","movie","1921",168,"Portugal",39.5,-8
"PT","tvEpisode","1929",1,"Portugal",39.5,-8
"PT","tvEpisode","1946",111,"Portugal",39.5,-8
"PT","movie","1927",436,"Portugal",39.5,-8
"PT","tvEpisode","1944",1,"Portugal",39.5,-8
"PT","tvEpisode","1922",1,"Portugal",39.5,-8
"PT","movie","1946",255,"Portugal",39.5,-8
"PT","tvEpisode","1938",172,"Portugal",39.5,-8
"PT","movie","1939",381,"Portugal",39.5,-8
"PT","movie","1926",343,"Portugal",39.5,-8
"PT","movie","1948",299,"Portugal",39.5,-8
"PT","movie","1922",148,"Portugal",39.5,-8
"PT","movie","1944",297,"Portugal",39.5,-8
"PT","movie","1925",277,"Portugal",39.5,-8
"PT","movie","1932",410,"Portugal",39.5,-8
"PT","movie","1943",321,"Portugal",39.5,-8
"PT","movie","1935",326,"Portugal",39.5,-8
"PT","movie","1924",214,"Portugal",39.5,-8
"PT","movie","1933",474,"Portugal",39.5,-8
"PT","tvEpisode","1945",4,"Portugal",39.5,-8
"PT","movie","1947",302,"Portugal",39.5,-8
"PT","movie","1923",188,"Portugal",39.5,-8
"RO","movie","1930",17,"Romania",46,25
"RO","movie","1949",162,"Romania",46,25
"RO","movie","1941",70,"Romania",46,25
"RO","movie","1940",66,"Romania",46,25
"RO","movie","1922",8,"Romania",46,25
"RO","movie","1946",82,"Romania",46,25
"RO","movie","1931",25,"Romania",46,25
"RO","movie","1938",34,"Romania",46,25
"RO","movie","1943",70,"Romania",46,25
"RO","movie","1920",5,"Romania",46,25
"RO","movie","1932",22,"Romania",46,25
"RO","movie","1921",7,"Romania",46,25
"RO","movie","1937",29,"Romania",46,25
"RO","movie","1934",19,"Romania",46,25
"RO","movie","1927",20,"Romania",46,25
"RO","movie","1942",87,"Romania",46,25
"RO","movie","1928",21,"Romania",46,25
"RO","movie","1924",9,"Romania",46,25
"RO","movie","1944",59,"Romania",46,25
"RO","movie","1926",15,"Romania",46,25
"RO","movie","1935",27,"Romania",46,25
"RO","movie","1945",67,"Romania",46,25
"RO","movie","1947",113,"Romania",46,25
"RO","movie","1923",11,"Romania",46,25
"RO","movie","1933",23,"Romania",46,25
"RO","movie","1939",54,"Romania",46,25
"RO","movie","1948",144,"Romania",46,25
"RO","movie","1936",21,"Romania",46,25
"RO","movie","1929",11,"Romania",46,25
"RO","movie","1925",15,"Romania",46,25
"RS","movie","1946",22,"Serbia",44,21
"RS","movie","1928",19,"Serbia",44,21
"RS","movie","1937",11,"Serbia",44,21
"RS","movie","1929",14,"Serbia",44,21
"RS","tvEpisode","1933",1,"Serbia",44,21
"RS","movie","1943",17,"Serbia",44,21
"RS","movie","1941",22,"Serbia",44,21
"RS","movie","1934",5,"Serbia",44,21
"RS","movie","1947",13,"Serbia",44,21
"RS","movie","1932",13,"Serbia",44,21
"RS","movie","1935",11,"Serbia",44,21
"RS","movie","1940",15,"Serbia",44,21
"RS","movie","1931",10,"Serbia",44,21
"RS","movie","1925",15,"Serbia",44,21
"RS","movie","1923",9,"Serbia",44,21
"RS","movie","1948",25,"Serbia",44,21
"RS","movie","1930",4,"Serbia",44,21
"RS","movie","1927",15,"Serbia",44,21
"RS","movie","1926",11,"Serbia",44,21
"RS","movie","1945",12,"Serbia",44,21
"RS","movie","1922",13,"Serbia",44,21
"RS","movie","1944",15,"Serbia",44,21
"RS","movie","1921",14,"Serbia",44,21
"RS","movie","1949",16,"Serbia",44,21
"RS","movie","1936",14,"Serbia",44,21
"RS","movie","1933",8,"Serbia",44,21
"RS","movie","1939",16,"Serbia",44,21
"RS","movie","1938",13,"Serbia",44,21
"RS","movie","1942",14,"Serbia",44,21
"RS","movie","1920",15,"Serbia",44,21
"RS","movie","1924",12,"Serbia",44,21
"RU","movie","1929",25,"Russia",60,100
"RU","movie","1929",25,"RussianFederation",60,100
"RU","movie","1932",30,"Russia",60,100
"RU","movie","1932",30,"RussianFederation",60,100
"RU","movie","1944",14,"Russia",60,100
"RU","movie","1944",14,"RussianFederation",60,100
"RU","movie","1949",14,"Russia",60,100
"RU","movie","1949",14,"RussianFederation",60,100
"RU","movie","1942",19,"Russia",60,100
"RU","movie","1942",19,"RussianFederation",60,100
"RU","movie","1948",23,"Russia",60,100
"RU","movie","1948",23,"RussianFederation",60,100
"RU","movie","1926",27,"Russia",60,100
"RU","movie","1926",27,"RussianFederation",60,100
"RU","movie","1923",21,"Russia",60,100
"RU","movie","1923",21,"RussianFederation",60,100
"RU","movie","1938",27,"Russia",60,100
"RU","movie","1938",27,"RussianFederation",60,100
"RU","movie","1946",21,"Russia",60,100
"RU","movie","1946",21,"RussianFederation",60,100
"RU","movie","1934",23,"Russia",60,100
"RU","movie","1934",23,"RussianFederation",60,100
"RU","movie","1921",40,"Russia",60,100
"RU","movie","1921",40,"RussianFederation",60,100
"RU","movie","1933",18,"Russia",60,100
"RU","movie","1933",18,"RussianFederation",60,100
"RU","movie","1937",27,"Russia",60,100
"RU","movie","1937",27,"RussianFederation",60,100
"RU","movie","1931",25,"Russia",60,100
"RU","movie","1931",25,"RussianFederation",60,100
"RU","movie","1943",21,"Russia",60,100
"RU","movie","1943",21,"RussianFederation",60,100
"RU","movie","1945",18,"Russia",60,100
"RU","movie","1945",18,"RussianFederation",60,100
"RU","movie","1920",45,"Russia",60,100
"RU","movie","1920",45,"RussianFederation",60,100
"RU","movie","1922",20,"Russia",60,100
"RU","movie","1922",20,"RussianFederation",60,100
"RU","movie","1924",23,"Russia",60,100
"RU","movie","1924",23,"RussianFederation",60,100
"RU","movie","1927",50,"Russia",60,100
"RU","movie","1927",50,"RussianFederation",60,100
"RU","movie","1930",32,"Russia",60,100
"RU","movie","1930",32,"RussianFederation",60,100
"RU","movie","1935",24,"Russia",60,100
"RU","movie","1935",24,"RussianFederation",60,100
"RU","movie","1928",32,"Russia",60,100
"RU","movie","1928",32,"RussianFederation",60,100
"RU","movie","1925",37,"Russia",60,100
"RU","movie","1925",37,"RussianFederation",60,100
"RU","movie","1947",29,"Russia",60,100
"RU","movie","1947",29,"RussianFederation",60,100
"RU","movie","1936",32,"Russia",60,100
"RU","movie","1936",32,"RussianFederation",60,100
"RU","movie","1939",21,"Russia",60,100
"RU","movie","1939",21,"RussianFederation",60,100
"RU","movie","1941",33,"Russia",60,100
"RU","movie","1941",33,"RussianFederation",60,100
"RU","movie","1940",27,"Russia",60,100
"RU","movie","1940",27,"RussianFederation",60,100
"SE","movie","1946",279,"Sweden",62,15
"SE","movie","1929",254,"Sweden",62,15
"SE","movie","1937",350,"Sweden",62,15
"SE","movie","1926",169,"Sweden",62,15
"SE","movie","1934",280,"Sweden",62,15
"SE","movie","1928",206,"Sweden",62,15
"SE","movie","1925",163,"Sweden",62,15
"SE","movie","1945",253,"Sweden",62,15
"SE","movie","1932",295,"Sweden",62,15
"SE","movie","1947",323,"Sweden",62,15
"SE","movie","1923",134,"Sweden",62,15
"SE","movie","1938",360,"Sweden",62,15
"SE","movie","1941",321,"Sweden",62,15
"SE","movie","1943",299,"Sweden",62,15
"SE","movie","1933",269,"Sweden",62,15
"SE","movie","1935",297,"Sweden",62,15
"SE","movie","1949",348,"Sweden",62,15
"SE","movie","1921",132,"Sweden",62,15
"SE","movie","1931",258,"Sweden",62,15
"SE","movie","1942",318,"Sweden",62,15
"SE","movie","1924",165,"Sweden",62,15
"SE","movie","1930",247,"Sweden",62,15
"SE","movie","1944",286,"Sweden",62,15
"SE","movie","1939",387,"Sweden",62,15
"SE","movie","1922",120,"Sweden",62,15
"SE","tvEpisode","1933",1,"Sweden",62,15
"SE","tvEpisode","1943",1,"Sweden",62,15
"SE","movie","1927",178,"Sweden",62,15
"SE","movie","1920",174,"Sweden",62,15
"SE","tvEpisode","1936",1,"Sweden",62,15
"SE","tvEpisode","1934",1,"Sweden",62,15
"SE","movie","1940",372,"Sweden",62,15
"SE","tvEpisode","1945",2,"Sweden",62,15
"SE","movie","1948",336,"Sweden",62,15
"SE","movie","1936",311,"Sweden",62,15
"SG","movie","1949",4,"Singapore",1.3667,103.8
"SG","movie","1948",1,"Singapore",1.3667,103.8
"SG","movie","1936",2,"Singapore",1.3667,103.8
"SG","movie","1933",2,"Singapore",1.3667,103.8
"SG","movie","1930",1,"Singapore",1.3667,103.8
"SG","movie","1947",3,"Singapore",1.3667,103.8
"SG","movie","1937",1,"Singapore",1.3667,103.8
"SG","movie","1945",1,"Singapore",1.3667,103.8
"SG","movie","1926",2,"Singapore",1.3667,103.8
"SG","movie","1944",8,"Singapore",1.3667,103.8
"SG","movie","1946",1,"Singapore",1.3667,103.8
"SG","movie","1929",4,"Singapore",1.3667,103.8
"SG","movie","1939",4,"Singapore",1.3667,103.8
"SG","movie","1942",1,"Singapore",1.3667,103.8
"SG","movie","1931",2,"Singapore",1.3667,103.8
"SG","movie","1935",3,"Singapore",1.3667,103.8
"SG","movie","1938",1,"Singapore",1.3667,103.8
"SG","movie","1943",4,"Singapore",1.3667,103.8
"SG","movie","1941",1,"Singapore",1.3667,103.8
"SG","movie","1927",1,"Singapore",1.3667,103.8
"SI","movie","1935",37,"Slovenia",46,15
"SI","movie","1943",21,"Slovenia",46,15
"SI","movie","1929",21,"Slovenia",46,15
"SI","movie","1923",8,"Slovenia",46,15
"SI","movie","1921",1,"Slovenia",46,15
"SI","movie","1949",13,"Slovenia",46,15
"SI","movie","1937",109,"Slovenia",46,15
"SI","movie","1938",78,"Slovenia",46,15
"SI","movie","1926",7,"Slovenia",46,15
"SI","movie","1946",22,"Slovenia",46,15
"SI","movie","1948",23,"Slovenia",46,15
"SI","movie","1941",40,"Slovenia",46,15
"SI","movie","1944",14,"Slovenia",46,15
"SI","movie","1928",13,"Slovenia",46,15
"SI","movie","1934",36,"Slovenia",46,15
"SI","movie","1927",10,"Slovenia",46,15
"SI","movie","1933",22,"Slovenia",46,15
"SI","movie","1925",7,"Slovenia",46,15
"SI","movie","1932",25,"Slovenia",46,15
"SI","movie","1947",15,"Slovenia",46,15
"SI","movie","1939",81,"Slovenia",46,15
"SI","movie","1942",28,"Slovenia",46,15
"SI","movie","1945",6,"Slovenia",46,15
"SI","movie","1920",1,"Slovenia",46,15
"SI","movie","1936",81,"Slovenia",46,15
"SI","movie","1922",3,"Slovenia",46,15
"SI","movie","1931",21,"Slovenia",46,15
"SI","movie","1930",24,"Slovenia",46,15
"SI","movie","1924",6,"Slovenia",46,15
"SI","movie","1940",54,"Slovenia",46,15
"SK","movie","1929",1,"Slovakia",48.6667,19.5
"SK","movie","1926",2,"Slovakia",48.6667,19.5
"SK","movie","1942",2,"Slovakia",48.6667,19.5
"SK","movie","1934",2,"Slovakia",48.6667,19.5
"SK","movie","1944",2,"Slovakia",48.6667,19.5
"SK","movie","1933",4,"Slovakia",48.6667,19.5
"SK","movie","1937",6,"Slovakia",48.6667,19.5
"SK","movie","1948",2,"Slovakia",48.6667,19.5
"SK","movie","1949",3,"Slovakia",48.6667,19.5
"SK","movie","1923",4,"Slovakia",48.6667,19.5
"SK","movie","1932",2,"Slovakia",48.6667,19.5
"SK","movie","1943",1,"Slovakia",48.6667,19.5
"SK","movie","1935",4,"Slovakia",48.6667,19.5
"SK","movie","1938",6,"Slovakia",48.6667,19.5
"SK","movie","1931",5,"Slovakia",48.6667,19.5
"SK","movie","1925",2,"Slovakia",48.6667,19.5
"SK","movie","1945",7,"Slovakia",48.6667,19.5
"SK","movie","1930",2,"Slovakia",48.6667,19.5
"SK","movie","1941",5,"Slovakia",48.6667,19.5
"SK","movie","1928",6,"Slovakia",48.6667,19.5
"SK","movie","1936",5,"Slovakia",48.6667,19.5
"SK","movie","1947",4,"Slovakia",48.6667,19.5
"SK","movie","1927",2,"Slovakia",48.6667,19.5
"SK","movie","1946",5,"Slovakia",48.6667,19.5
"SK","movie","1939",2,"Slovakia",48.6667,19.5
"SK","movie","1924",4,"Slovakia",48.6667,19.5
"SK","movie","1920",1,"Slovakia",48.6667,19.5
"SK","movie","1940",6,"Slovakia",48.6667,19.5
"SN","movie","1939",1,"Senegal",14,-14
"SY","movie","1948",1,"SyrianArabRepublic",35,38
"SY","movie","1949",1,"SyrianArabRepublic",35,38
"SY","movie","1938",1,"SyrianArabRepublic",35,38
"SY","movie","1932",1,"SyrianArabRepublic",35,38
"SY","movie","1939",1,"SyrianArabRepublic",35,38
"SY","movie","1928",1,"SyrianArabRepublic",35,38
"TH","movie","1938",1,"Thailand",15,100
"TH","movie","1940",1,"Thailand",15,100
"TH","movie","1943",2,"Thailand",15,100
"TH","movie","1935",1,"Thailand",15,100
"TH","movie","1939",3,"Thailand",15,100
"TH","movie","1944",8,"Thailand",15,100
"TH","movie","1941",1,"Thailand",15,100
"TH","movie","1937",1,"Thailand",15,100
"TJ","movie","1923",1,"Tajikistan",39,71
"TN","movie","1928",1,"Tunisia",34,9
"TN","movie","1939",1,"Tunisia",34,9
"TR","movie","1946",63,"Turkey",39,35
"TR","movie","1925",8,"Turkey",39,35
"TR","movie","1921",8,"Turkey",39,35
"TR","movie","1936",45,"Turkey",39,35
"TR","movie","1940",48,"Turkey",39,35
"TR","movie","1949",84,"Turkey",39,35
"TR","movie","1948",75,"Turkey",39,35
"TR","movie","1943",45,"Turkey",39,35
"TR","movie","1933",55,"Turkey",39,35
"TR","movie","1934",92,"Turkey",39,35
"TR","movie","1941",42,"Turkey",39,35
"TR","movie","1939",56,"Turkey",39,35
"TR","movie","1932",50,"Turkey",39,35
"TR","movie","1923",10,"Turkey",39,35
"TR","movie","1947",63,"Turkey",39,35
"TR","movie","1942",36,"Turkey",39,35
"TR","movie","1945",52,"Turkey",39,35
"TR","movie","1928",32,"Turkey",39,35
"TR","movie","1935",64,"Turkey",39,35
"TR","movie","1920",4,"Turkey",39,35
"TR","movie","1931",46,"Turkey",39,35
"TR","movie","1944",61,"Turkey",39,35
"TR","movie","1930",35,"Turkey",39,35
"TR","movie","1926",11,"Turkey",39,35
"TR","movie","1922",13,"Turkey",39,35
"TR","movie","1938",34,"Turkey",39,35
"TR","movie","1937",39,"Turkey",39,35
"TR","movie","1924",8,"Turkey",39,35
"TR","movie","1927",16,"Turkey",39,35
"TR","movie","1929",30,"Turkey",39,35
"TW","movie","1947",6,"Taiwan,ProvinceOfChina",23.5,121
"TW","movie","1947",6,"Taiwan",23.5,121
"TW","movie","1940",13,"Taiwan,ProvinceOfChina",23.5,121
"TW","movie","1940",13,"Taiwan",23.5,121
"TW","movie","1948",9,"Taiwan,ProvinceOfChina",23.5,121
"TW","movie","1948",9,"Taiwan",23.5,121
"TW","movie","1946",10,"Taiwan,ProvinceOfChina",23.5,121
"TW","movie","1946",10,"Taiwan",23.5,121
"TW","movie","1934",2,"Taiwan,ProvinceOfChina",23.5,121
"TW","movie","1934",2,"Taiwan",23.5,121
"TW","movie","1920",1,"Taiwan,ProvinceOfChina",23.5,121
"TW","movie","1920",1,"Taiwan",23.5,121
"TW","movie","1937",5,"Taiwan,ProvinceOfChina",23.5,121
"TW","movie","1937",5,"Taiwan",23.5,121
"TW","movie","1932",5,"Taiwan,ProvinceOfChina",23.5,121
"TW","movie","1932",5,"Taiwan",23.5,121
"TW","movie","1949",10,"Taiwan,ProvinceOfChina",23.5,121
"TW","movie","1949",10,"Taiwan",23.5,121
"TW","movie","1944",6,"Taiwan,ProvinceOfChina",23.5,121
"TW","movie","1944",6,"Taiwan",23.5,121
"TW","movie","1935",6,"Taiwan,ProvinceOfChina",23.5,121
"TW","movie","1935",6,"Taiwan",23.5,121
"TW","movie","1921",2,"Taiwan,ProvinceOfChina",23.5,121
"TW","movie","1921",2,"Taiwan",23.5,121
"TW","movie","1938",6,"Taiwan,ProvinceOfChina",23.5,121
"TW","movie","1938",6,"Taiwan",23.5,121
"TW","movie","1936",3,"Taiwan,ProvinceOfChina",23.5,121
"TW","movie","1936",3,"Taiwan",23.5,121
"TW","movie","1926",1,"Taiwan,ProvinceOfChina",23.5,121
"TW","movie","1926",1,"Taiwan",23.5,121
"TW","movie","1933",5,"Taiwan,ProvinceOfChina",23.5,121
"TW","movie","1933",5,"Taiwan",23.5,121
"TW","movie","1928",2,"Taiwan,ProvinceOfChina",23.5,121
"TW","movie","1928",2,"Taiwan",23.5,121
"TW","movie","1943",2,"Taiwan,ProvinceOfChina",23.5,121
"TW","movie","1943",2,"Taiwan",23.5,121
"TW","movie","1939",7,"Taiwan,ProvinceOfChina",23.5,121
"TW","movie","1939",7,"Taiwan",23.5,121
"TW","movie","1945",9,"Taiwan,ProvinceOfChina",23.5,121
"TW","movie","1945",9,"Taiwan",23.5,121
"TW","movie","1927",3,"Taiwan,ProvinceOfChina",23.5,121
"TW","movie","1927",3,"Taiwan",23.5,121
"TW","movie","1925",2,"Taiwan,ProvinceOfChina",23.5,121
"TW","movie","1925",2,"Taiwan",23.5,121
"TW","movie","1931",5,"Taiwan,ProvinceOfChina",23.5,121
"TW","movie","1931",5,"Taiwan",23.5,121
"TW","movie","1941",8,"Taiwan,ProvinceOfChina",23.5,121
"TW","movie","1941",8,"Taiwan",23.5,121
"TW","movie","1930",1,"Taiwan,ProvinceOfChina",23.5,121
"TW","movie","1930",1,"Taiwan",23.5,121
"TW","movie","1929",1,"Taiwan,ProvinceOfChina",23.5,121
"TW","movie","1929",1,"Taiwan",23.5,121
"TW","movie","1922",1,"Taiwan,ProvinceOfChina",23.5,121
"TW","movie","1922",1,"Taiwan",23.5,121
"TW","movie","1942",7,"Taiwan,ProvinceOfChina",23.5,121
"TW","movie","1942",7,"Taiwan",23.5,121
"TW","movie","1924",1,"Taiwan,ProvinceOfChina",23.5,121
"TW","movie","1924",1,"Taiwan",23.5,121
"UA","movie","1940",205,"Ukraine",49,32
"UA","movie","1943",177,"Ukraine",49,32
"UA","movie","1947",197,"Ukraine",49,32
"UA","movie","1933",155,"Ukraine",49,32
"UA","movie","1949",216,"Ukraine",49,32
"UA","movie","1921",21,"Ukraine",49,32
"UA","movie","1920",11,"Ukraine",49,32
"UA","movie","1936",192,"Ukraine",49,32
"UA","movie","1939",191,"Ukraine",49,32
"UA","tvEpisode","1931",4,"Ukraine",49,32
"UA","movie","1938",165,"Ukraine",49,32
"UA","movie","1937",181,"Ukraine",49,32
"UA","movie","1946",174,"Ukraine",49,32
"UA","movie","1948",199,"Ukraine",49,32
"UA","movie","1931",209,"Ukraine",49,32
"UA","movie","1923",68,"Ukraine",49,32
"UA","movie","1929",247,"Ukraine",49,32
"UA","tvEpisode","1932",5,"Ukraine",49,32
"UA","movie","1935",177,"Ukraine",49,32
"UA","movie","1942",176,"Ukraine",49,32
"UA","movie","1927",241,"Ukraine",49,32
"UA","movie","1932",193,"Ukraine",49,32
"UA","movie","1930",227,"Ukraine",49,32
"UA","movie","1945",164,"Ukraine",49,32
"UA","movie","1928",285,"Ukraine",49,32
"UA","tvEpisode","1933",10,"Ukraine",49,32
"UA","movie","1934",165,"Ukraine",49,32
"UA","movie","1941",201,"Ukraine",49,32
"UA","movie","1922",52,"Ukraine",49,32
"UA","movie","1925",125,"Ukraine",49,32
"UA","tvEpisode","1938",1,"Ukraine",49,32
"UA","movie","1924",98,"Ukraine",49,32
"UA","tvEpisode","1946",2,"Ukraine",49,32
"UA","tvEpisode","1949",5,"Ukraine",49,32
"UA","movie","1944",166,"Ukraine",49,32
"UA","tvEpisode","1934",5,"Ukraine",49,32
"UA","tvEpisode","1943",1,"Ukraine",49,32
"UA","movie","1926",182,"Ukraine",49,32
"UA","tvEpisode","1930",2,"Ukraine",49,32
"UA","tvEpisode","1945",6,"Ukraine",49,32
"US","movie","1940",919,"UnitedStates",38,-97
"US","movie","1920",1095,"UnitedStates",38,-97
"US","tvEpisode","1932",20,"UnitedStates",38,-97
"US","movie","1931",1007,"UnitedStates",38,-97
"US","tvEpisode","1939",7,"UnitedStates",38,-97
"US","movie","1921",919,"UnitedStates",38,-97
"US","movie","1933",1050,"UnitedStates",38,-97
"US","movie","1925",968,"UnitedStates",38,-97
"US","tvEpisode","1930",2,"UnitedStates",38,-97
"US","tvEpisode","1931",12,"UnitedStates",38,-97
"US","tvEpisode","1933",19,"UnitedStates",38,-97
"US","movie","1923",766,"UnitedStates",38,-97
"US","movie","1936",1199,"UnitedStates",38,-97
"US","movie","1937",1189,"UnitedStates",38,-97
"US","tvEpisode","1936",14,"UnitedStates",38,-97
"US","tvEpisode","1949",52,"UnitedStates",38,-97
"US","movie","1947",763,"UnitedStates",38,-97
"US","movie","1948",879,"UnitedStates",38,-97
"US","tvEpisode","1937",14,"UnitedStates",38,-97
"US","movie","1939",1093,"UnitedStates",38,-97
"US","movie","1929",763,"UnitedStates",38,-97
"US","movie","1949",839,"UnitedStates",38,-97
"US","movie","1930",899,"UnitedStates",38,-97
"US","movie","1934",1112,"UnitedStates",38,-97
"US","movie","1946",793,"UnitedStates",38,-97
"US","movie","1932",1056,"UnitedStates",38,-97
"US","movie","1943",804,"UnitedStates",38,-97
"US","tvEpisode","1935",11,"UnitedStates",38,-97
"US","movie","1942",914,"UnitedStates",38,-97
"US","movie","1928",941,"UnitedStates",38,-97
"US","movie","1922",857,"UnitedStates",38,-97
"US","movie","1935",1167,"UnitedStates",38,-97
"US","movie","1944",750,"UnitedStates",38,-97
"US","tvEpisode","1945",3,"UnitedStates",38,-97
"US","movie","1926",903,"UnitedStates",38,-97
"US","tvEpisode","1943",1,"UnitedStates",38,-97
"US","tvEpisode","1947",1,"UnitedStates",38,-97
"US","movie","1938",1084,"UnitedStates",38,-97
"US","tvEpisode","1938",31,"UnitedStates",38,-97
"US","movie","1927",887,"UnitedStates",38,-97
"US","tvEpisode","1940",19,"UnitedStates",38,-97
"US","movie","1924",850,"UnitedStates",38,-97
"US","tvEpisode","1946",6,"UnitedStates",38,-97
"US","movie","1945",730,"UnitedStates",38,-97
"US","tvEpisode","1934",13,"UnitedStates",38,-97
"US","movie","1941",920,"UnitedStates",38,-97
"US","tvEpisode","1948",3,"UnitedStates",38,-97
"UY","movie","1939",17,"Uruguay",-33,-56
"UY","movie","1925",2,"Uruguay",-33,-56
"UY","movie","1924",2,"Uruguay",-33,-56
"UY","movie","1945",21,"Uruguay",-33,-56
"UY","movie","1923",2,"Uruguay",-33,-56
"UY","movie","1940",17,"Uruguay",-33,-56
"UY","movie","1932",22,"Uruguay",-33,-56
"UY","movie","1926",4,"Uruguay",-33,-56
"UY","movie","1936",26,"Uruguay",-33,-56
"UY","movie","1933",24,"Uruguay",-33,-56
"UY","movie","1941",22,"Uruguay",-33,-56
"UY","movie","1943",20,"Uruguay",-33,-56
"UY","movie","1947",22,"Uruguay",-33,-56
"UY","movie","1927",3,"Uruguay",-33,-56
"UY","movie","1929",20,"Uruguay",-33,-56
"UY","movie","1930",20,"Uruguay",-33,-56
"UY","movie","1928",12,"Uruguay",-33,-56
"UY","movie","1931",21,"Uruguay",-33,-56
"UY","movie","1937",27,"Uruguay",-33,-56
"UY","movie","1938",25,"Uruguay",-33,-56
"UY","movie","1946",25,"Uruguay",-33,-56
"UY","movie","1948",23,"Uruguay",-33,-56
"UY","movie","1922",1,"Uruguay",-33,-56
"UY","movie","1942",14,"Uruguay",-33,-56
"UY","movie","1934",12,"Uruguay",-33,-56
"UY","movie","1935",20,"Uruguay",-33,-56
"UY","movie","1944",19,"Uruguay",-33,-56
"UY","movie","1949",25,"Uruguay",-33,-56
"UY","movie","1921",1,"Uruguay",-33,-56
"UZ","movie","1948",1,"Uzbekistan",41,64
"UZ","movie","1943",1,"Uzbekistan",41,64
"UZ","movie","1939",1,"Uzbekistan",41,64
"UZ","movie","1933",1,"Uzbekistan",41,64
"UZ","movie","1936",1,"Uzbekistan",41,64
"UZ","movie","1926",1,"Uzbekistan",41,64
"VE","movie","1929",18,"Venezuela",8,-66
"VE","movie","1929",18,"Venezuela,BolivarianRepublicOf",8,-66
"VE","movie","1925",12,"Venezuela",8,-66
"VE","movie","1925",12,"Venezuela,BolivarianRepublicOf",8,-66
"VE","movie","1930",7,"Venezuela",8,-66
"VE","movie","1930",7,"Venezuela,BolivarianRepublicOf",8,-66
"VE","movie","1920",9,"Venezuela",8,-66
"VE","movie","1920",9,"Venezuela,BolivarianRepublicOf",8,-66
"VE","movie","1940",44,"Venezuela",8,-66
"VE","movie","1940",44,"Venezuela,BolivarianRepublicOf",8,-66
"VE","movie","1937",36,"Venezuela",8,-66
"VE","movie","1937",36,"Venezuela,BolivarianRepublicOf",8,-66
"VE","movie","1939",43,"Venezuela",8,-66
"VE","movie","1939",43,"Venezuela,BolivarianRepublicOf",8,-66
"VE","movie","1946",38,"Venezuela",8,-66
"VE","movie","1946",38,"Venezuela,BolivarianRepublicOf",8,-66
"VE","movie","1943",30,"Venezuela",8,-66
"VE","movie","1943",30,"Venezuela,BolivarianRepublicOf",8,-66
"VE","movie","1934",18,"Venezuela",8,-66
"VE","movie","1934",18,"Venezuela,BolivarianRepublicOf",8,-66
"VE","movie","1928",12,"Venezuela",8,-66
"VE","movie","1928",12,"Venezuela,BolivarianRepublicOf",8,-66
"VE","movie","1927",9,"Venezuela",8,-66
"VE","movie","1927",9,"Venezuela,BolivarianRepublicOf",8,-66
"VE","movie","1945",33,"Venezuela",8,-66
"VE","movie","1945",33,"Venezuela,BolivarianRepublicOf",8,-66
"VE","movie","1922",12,"Venezuela",8,-66
"VE","movie","1922",12,"Venezuela,BolivarianRepublicOf",8,-66
"VE","movie","1931",17,"Venezuela",8,-66
"VE","movie","1931",17,"Venezuela,BolivarianRepublicOf",8,-66
"VE","movie","1947",40,"Venezuela",8,-66
"VE","movie","1947",40,"Venezuela,BolivarianRepublicOf",8,-66
"VE","movie","1942",34,"Venezuela",8,-66
"VE","movie","1942",34,"Venezuela,BolivarianRepublicOf",8,-66
"VE","movie","1932",19,"Venezuela",8,-66
"VE","movie","1932",19,"Venezuela,BolivarianRepublicOf",8,-66
"VE","movie","1948",43,"Venezuela",8,-66
"VE","movie","1948",43,"Venezuela,BolivarianRepublicOf",8,-66
"VE","movie","1935",24,"Venezuela",8,-66
"VE","movie","1935",24,"Venezuela,BolivarianRepublicOf",8,-66
"VE","movie","1949",40,"Venezuela",8,-66
"VE","movie","1949",40,"Venezuela,BolivarianRepublicOf",8,-66
"VE","movie","1924",12,"Venezuela",8,-66
"VE","movie","1924",12,"Venezuela,BolivarianRepublicOf",8,-66
"VE","movie","1923",7,"Venezuela",8,-66
"VE","movie","1923",7,"Venezuela,BolivarianRepublicOf",8,-66
"VE","movie","1941",44,"Venezuela",8,-66
"VE","movie","1941",44,"Venezuela,BolivarianRepublicOf",8,-66
"VE","movie","1936",25,"Venezuela",8,-66
"VE","movie","1936",25,"Venezuela,BolivarianRepublicOf",8,-66
"VE","movie","1933",17,"Venezuela",8,-66
"VE","movie","1933",17,"Venezuela,BolivarianRepublicOf",8,-66
"VE","movie","1926",12,"Venezuela",8,-66
"VE","movie","1926",12,"Venezuela,BolivarianRepublicOf",8,-66
"VE","movie","1938",34,"Venezuela",8,-66
"VE","movie","1938",34,"Venezuela,BolivarianRepublicOf",8,-66
"VE","movie","1921",9,"Venezuela",8,-66
"VE","movie","1921",9,"Venezuela,BolivarianRepublicOf",8,-66
"VE","tvEpisode","1931",1,"Venezuela",8,-66
"VE","tvEpisode","1931",1,"Venezuela,BolivarianRepublicOf",8,-66
"VE","movie","1944",31,"Venezuela",8,-66
"VE","movie","1944",31,"Venezuela,BolivarianRepublicOf",8,-66
"VN","movie","1932",1,"Vietnam",16,106
"VN","movie","1932",1,"VietNam",16,106
"VN","movie","1936",1,"Vietnam",16,106
"VN","movie","1936",1,"VietNam",16,106
"VN","movie","1925",1,"Vietnam",16,106
"VN","movie","1925",1,"VietNam",16,106
"VN","movie","1939",2,"Vietnam",16,106
"VN","movie","1939",2,"VietNam",16,106
"VN","movie","1931",1,"Vietnam",16,106
"VN","movie","1931",1,"VietNam",16,106
"VN","movie","1926",1,"Vietnam",16,106
"VN","movie","1926",1,"VietNam",16,106
"VN","movie","1949",1,"Vietnam",16,106
"VN","movie","1949",1,"VietNam",16,106
"VN","movie","1927",2,"Vietnam",16,106
"VN","movie","1927",2,"VietNam",16,106
"VN","movie","1941",1,"Vietnam",16,106
"VN","movie","1941",1,"VietNam",16,106
"VN","movie","1940",1,"Vietnam",16,106
"VN","movie","1940",1,"VietNam",16,106
"VN","movie","1924",1,"Vietnam",16,106
"VN","movie","1924",1,"VietNam",16,106
"VN","movie","1937",2,"Vietnam",16,106
"VN","movie","1937",2,"VietNam",16,106
"VN","movie","1921",1,"Vietnam",16,106
"VN","movie","1921",1,"VietNam",16,106
"VN","movie","1923",4,"Vietnam",16,106
"VN","movie","1923",4,"VietNam",16,106
"VN","movie","1928",2,"Vietnam",16,106
"VN","movie","1928",2,"VietNam",16,106
"VN","movie","1946",1,"Vietnam",16,106
"VN","movie","1946",1,"VietNam",16,106
"VN","movie","1944",1,"Vietnam",16,106
"VN","movie","1944",1,"VietNam",16,106
"VN","movie","1934",1,"Vietnam",16,106
"VN","movie","1934",1,"VietNam",16,106
"VN","movie","1942",1,"Vietnam",16,106
"VN","movie","1942",1,"VietNam",16,106
"VN","movie","1948",3,"Vietnam",16,106
"VN","movie","1948",3,"VietNam",16,106
"ZA","movie","1944",14,"SouthAfrica",-29,24
"ZA","movie","1922",3,"SouthAfrica",-29,24
"ZA","movie","1949",16,"SouthAfrica",-29,24
"ZA","movie","1921",1,"SouthAfrica",-29,24
"ZA","movie","1936",1,"SouthAfrica",-29,24
"ZA","movie","1926",6,"SouthAfrica",-29,24
"ZA","movie","1943",8,"SouthAfrica",-29,24
"ZA","movie","1923",1,"SouthAfrica",-29,24
"ZA","movie","1948",8,"SouthAfrica",-29,24
"ZA","movie","1935",5,"SouthAfrica",-29,24
"ZA","movie","1934",1,"SouthAfrica",-29,24
"ZA","movie","1947",7,"SouthAfrica",-29,24
"ZA","movie","1938",5,"SouthAfrica",-29,24
"ZA","movie","1945",2,"SouthAfrica",-29,24
"ZA","movie","1946",7,"SouthAfrica",-29,24
"ZA","movie","1939",6,"SouthAfrica",-29,24
"ZA","movie","1941",4,"SouthAfrica",-29,24
"ZA","movie","1927",2,"SouthAfrica",-29,24
"ZA","movie","1942",8,"SouthAfrica",-29,24
"ZA","movie","1933",2,"SouthAfrica",-29,24
"ZA","movie","1931",2,"SouthAfrica",-29,24
"ZA","movie","1940",6,"SouthAfrica",-29,24
"ZA","movie","1930",1,"SouthAfrica",-29,24
"ZA","movie","1932",2,"SouthAfrica",-29,24
"ZA","movie","1929",10,"SouthAfrica",-29,24
"ZA","movie","1928",2,"SouthAfrica",-29,24
"ZA","movie","1920",4,"SouthAfrica",-29,24
"ZA","movie","1925",2,"SouthAfrica",-29,24
"ZA","movie","1937",2,"SouthAfrica",-29,24
"ZA","movie","1924",1,"SouthAfrica",-29,24
